Dispatch,Ship date,Depot,Product,Units,Value EUR,Status,Notes
DSP-00001,2026-01-01,Lyon,Desk lamp,1,12.50,Dispatched,"Fragile, handle with care"
DSP-00002,2026-01-02,Lille,Desk lamp,2,27.00,Packed,
DSP-00003,2026-01-03,Nantes,Desk lamp,3,43.50,On hold,
DSP-00004,2026-01-04,Bordeaux,Desk lamp,4,62.00,Dispatched,
DSP-00005,2026-01-05,Strasbourg,Desk lamp,5,82.50,Packed,
DSP-00006,2026-01-06,Lyon,Storage box,6,105.00,On hold,
DSP-00007,2026-01-07,Lille,Storage box,7,129.50,Dispatched,
DSP-00008,2026-01-08,Nantes,Storage box,8,156.00,Packed,
DSP-00009,2026-01-09,Bordeaux,Storage box,9,184.50,On hold,
DSP-00010,2026-01-10,Strasbourg,Storage box,10,215.00,Dispatched,
DSP-00011,2026-01-11,Lyon,Cable kit,11,247.50,Packed,
DSP-00012,2026-01-12,Lille,Cable kit,12,282.00,On hold,
DSP-00013,2026-01-13,Nantes,Cable kit,13,318.50,Dispatched,
DSP-00014,2026-01-14,Bordeaux,Cable kit,14,175.00,Packed,
DSP-00015,2026-01-15,Strasbourg,Cable kit,15,202.50,On hold,
DSP-00016,2026-01-16,Lyon,Monitor arm,16,232.00,Dispatched,
DSP-00017,2026-01-17,Lille,Monitor arm,17,263.50,Packed,
DSP-00018,2026-01-18,Nantes,Monitor arm,18,297.00,On hold,"Fragile, handle with care"
DSP-00019,2026-01-19,Bordeaux,Monitor arm,19,332.50,Dispatched,
DSP-00020,2026-01-20,Strasbourg,Monitor arm,20,370.00,Packed,
DSP-00021,2026-01-21,Lyon,Packing paper,21,409.50,On hold,
DSP-00022,2026-01-22,Lille,Packing paper,22,451.00,Dispatched,
DSP-00023,2026-01-23,Nantes,Packing paper,23,494.50,Packed,
DSP-00024,2026-01-24,Bordeaux,Packing paper,24,540.00,On hold,
DSP-00025,2026-01-25,Strasbourg,Packing paper,25,587.50,Dispatched,
DSP-00026,2026-01-26,Lyon,Desk lamp,26,637.00,Packed,
DSP-00027,2026-01-27,Lille,Desk lamp,27,337.50,On hold,
DSP-00028,2026-01-28,Nantes,Desk lamp,28,378.00,Dispatched,
DSP-00029,2026-01-29,Bordeaux,Desk lamp,29,420.50,Packed,
DSP-00030,2026-01-30,Strasbourg,Desk lamp,30,465.00,On hold,
DSP-00031,2026-01-31,Lyon,Storage box,31,511.50,Dispatched,
DSP-00032,2026-02-01,Lille,Storage box,32,560.00,Packed,"Dock 2
Morning delivery"
DSP-00033,2026-02-02,Nantes,Storage box,33,610.50,On hold,
DSP-00034,2026-02-03,Bordeaux,Storage box,34,663.00,Dispatched,
DSP-00035,2026-02-04,Strasbourg,Storage box,35,717.50,Packed,"Fragile, handle with care"
DSP-00036,2026-02-05,Lyon,Cable kit,36,774.00,On hold,
DSP-00037,2026-02-06,Lille,Cable kit,37,832.50,Dispatched,
DSP-00038,2026-02-07,Nantes,Cable kit,38,893.00,Packed,
DSP-00039,2026-02-08,Bordeaux,Cable kit,39,955.50,On hold,
DSP-00040,2026-02-09,Strasbourg,Cable kit,40,500.00,Dispatched,
DSP-00041,2026-02-10,Lyon,Monitor arm,41,553.50,Packed,
DSP-00042,2026-02-11,Lille,Monitor arm,42,609.00,On hold,
DSP-00043,2026-02-12,Nantes,Monitor arm,43,666.50,Dispatched,
DSP-00044,2026-02-13,Bordeaux,Monitor arm,44,726.00,Packed,
DSP-00045,2026-02-14,Strasbourg,Monitor arm,45,787.50,On hold,
DSP-00046,2026-02-15,Lyon,Packing paper,46,851.00,Dispatched,
DSP-00047,2026-02-16,Lille,Packing paper,47,916.50,Packed,
DSP-00048,2026-02-17,Nantes,Packing paper,48,984.00,On hold,
DSP-00049,2026-02-18,Bordeaux,Packing paper,49,1053.50,Dispatched,
DSP-00050,2026-02-19,Strasbourg,Packing paper,50,1125.00,Packed,
DSP-00051,2026-02-20,Lyon,Desk lamp,51,1198.50,On hold,
DSP-00052,2026-02-21,Lille,Desk lamp,52,1274.00,Dispatched,"Fragile, handle with care"
DSP-00053,2026-02-22,Nantes,Desk lamp,53,662.50,Packed,
DSP-00054,2026-02-23,Bordeaux,Desk lamp,54,729.00,On hold,
DSP-00055,2026-02-24,Strasbourg,Desk lamp,55,797.50,Dispatched,
DSP-00056,2026-02-25,Lyon,Storage box,56,868.00,Packed,
DSP-00057,2026-02-26,Lille,Storage box,57,940.50,On hold,
DSP-00058,2026-02-27,Nantes,Storage box,58,1015.00,Dispatched,
DSP-00059,2026-02-28,Bordeaux,Storage box,59,1091.50,Packed,
DSP-00060,2026-03-01,Strasbourg,Storage box,60,1170.00,On hold,
DSP-00061,2026-03-02,Lyon,Cable kit,61,1250.50,Dispatched,
DSP-00062,2026-03-03,Lille,Cable kit,62,1333.00,Packed,
DSP-00063,2026-03-04,Nantes,Cable kit,63,1417.50,On hold,"Dock 2
Morning delivery"
DSP-00064,2026-03-05,Bordeaux,Cable kit,64,1504.00,Dispatched,
DSP-00065,2026-03-06,Strasbourg,Cable kit,65,1592.50,Packed,
DSP-00066,2026-03-07,Lyon,Monitor arm,66,825.00,On hold,
DSP-00067,2026-03-08,Lille,Monitor arm,67,904.50,Dispatched,
DSP-00068,2026-03-09,Nantes,Monitor arm,68,986.00,Packed,
DSP-00069,2026-03-10,Bordeaux,Monitor arm,69,1069.50,On hold,"Fragile, handle with care"
DSP-00070,2026-03-11,Strasbourg,Monitor arm,70,1155.00,Dispatched,
DSP-00071,2026-03-12,Lyon,Packing paper,71,1242.50,Packed,
DSP-00072,2026-03-13,Lille,Packing paper,72,1332.00,On hold,
DSP-00073,2026-03-14,Nantes,Packing paper,73,1423.50,Dispatched,
DSP-00074,2026-03-15,Bordeaux,Packing paper,74,1517.00,Packed,
DSP-00075,2026-03-16,Strasbourg,Packing paper,75,1612.50,On hold,
DSP-00076,2026-03-17,Lyon,Desk lamp,76,1710.00,Dispatched,
DSP-00077,2026-03-18,Lille,Desk lamp,77,1809.50,Packed,
DSP-00078,2026-03-19,Nantes,Desk lamp,78,1911.00,On hold,
DSP-00079,2026-03-20,Bordeaux,Desk lamp,79,987.50,Dispatched,
DSP-00080,2026-03-21,Strasbourg,Desk lamp,80,1080.00,Packed,
DSP-00081,2026-03-22,Lyon,Storage box,81,1174.50,On hold,
DSP-00082,2026-03-23,Lille,Storage box,82,1271.00,Dispatched,
DSP-00083,2026-03-24,Nantes,Storage box,83,1369.50,Packed,
DSP-00084,2026-03-25,Bordeaux,Storage box,84,1470.00,On hold,
DSP-00085,2026-03-26,Strasbourg,Storage box,85,1572.50,Dispatched,
DSP-00086,2026-03-27,Lyon,Cable kit,86,1677.00,Packed,"Fragile, handle with care"
DSP-00087,2026-03-28,Lille,Cable kit,87,1783.50,On hold,
DSP-00088,2026-03-29,Nantes,Cable kit,88,1892.00,Dispatched,
DSP-00089,2026-03-30,Bordeaux,Cable kit,89,2002.50,Packed,
DSP-00090,2026-03-31,Strasbourg,Cable kit,90,2115.00,On hold,
DSP-00091,2026-04-01,Lyon,Monitor arm,1,24.50,Dispatched,
DSP-00092,2026-04-02,Lille,Monitor arm,2,25.00,Packed,
DSP-00093,2026-04-03,Nantes,Monitor arm,3,40.50,On hold,
DSP-00094,2026-04-04,Bordeaux,Monitor arm,4,58.00,Dispatched,"Dock 2
Morning delivery"
DSP-00095,2026-04-05,Strasbourg,Monitor arm,5,77.50,Packed,
DSP-00096,2026-04-06,Lyon,Packing paper,6,99.00,On hold,
DSP-00097,2026-04-07,Lille,Packing paper,7,122.50,Dispatched,
DSP-00098,2026-04-08,Nantes,Packing paper,8,148.00,Packed,
DSP-00099,2026-04-09,Bordeaux,Packing paper,9,175.50,On hold,
DSP-00100,2026-04-10,Strasbourg,Packing paper,10,205.00,Dispatched,
DSP-00101,2026-04-11,Lyon,Desk lamp,11,236.50,Packed,
DSP-00102,2026-04-12,Lille,Desk lamp,12,270.00,On hold,
DSP-00103,2026-04-13,Nantes,Desk lamp,13,305.50,Dispatched,"Fragile, handle with care"
DSP-00104,2026-04-14,Bordeaux,Desk lamp,14,343.00,Packed,
DSP-00105,2026-04-15,Strasbourg,Desk lamp,15,187.50,On hold,
DSP-00106,2026-04-16,Lyon,Storage box,16,216.00,Dispatched,
DSP-00107,2026-04-17,Lille,Storage box,17,246.50,Packed,
DSP-00108,2026-04-18,Nantes,Storage box,18,279.00,On hold,
DSP-00109,2026-04-19,Bordeaux,Storage box,19,313.50,Dispatched,
DSP-00110,2026-04-20,Strasbourg,Storage box,20,350.00,Packed,
DSP-00111,2026-04-21,Lyon,Cable kit,21,388.50,On hold,
DSP-00112,2026-04-22,Lille,Cable kit,22,429.00,Dispatched,
DSP-00113,2026-04-23,Nantes,Cable kit,23,471.50,Packed,
DSP-00114,2026-04-24,Bordeaux,Cable kit,24,516.00,On hold,
DSP-00115,2026-04-25,Strasbourg,Cable kit,25,562.50,Dispatched,
DSP-00116,2026-04-26,Lyon,Monitor arm,26,611.00,Packed,
DSP-00117,2026-04-27,Lille,Monitor arm,27,661.50,On hold,
DSP-00118,2026-04-28,Nantes,Monitor arm,28,350.00,Dispatched,
DSP-00119,2026-04-29,Bordeaux,Monitor arm,29,391.50,Packed,
DSP-00120,2026-04-30,Strasbourg,Monitor arm,30,435.00,On hold,"Fragile, handle with care"
DSP-00121,2026-05-01,Lyon,Packing paper,31,480.50,Dispatched,
DSP-00122,2026-05-02,Lille,Packing paper,32,528.00,Packed,
DSP-00123,2026-05-03,Nantes,Packing paper,33,577.50,On hold,
DSP-00124,2026-05-04,Bordeaux,Packing paper,34,629.00,Dispatched,
DSP-00125,2026-05-05,Strasbourg,Packing paper,35,682.50,Packed,"Dock 2
Morning delivery"
DSP-00126,2026-05-06,Lyon,Desk lamp,36,738.00,On hold,
DSP-00127,2026-05-07,Lille,Desk lamp,37,795.50,Dispatched,
DSP-00128,2026-05-08,Nantes,Desk lamp,38,855.00,Packed,
DSP-00129,2026-05-09,Bordeaux,Desk lamp,39,916.50,On hold,
DSP-00130,2026-05-10,Strasbourg,Desk lamp,40,980.00,Dispatched,
DSP-00131,2026-05-11,Lyon,Storage box,41,512.50,Packed,
DSP-00132,2026-05-12,Lille,Storage box,42,567.00,On hold,
DSP-00133,2026-05-13,Nantes,Storage box,43,623.50,Dispatched,
DSP-00134,2026-05-14,Bordeaux,Storage box,44,682.00,Packed,
DSP-00135,2026-05-15,Strasbourg,Storage box,45,742.50,On hold,
DSP-00136,2026-05-16,Lyon,Cable kit,46,805.00,Dispatched,
DSP-00137,2026-05-17,Lille,Cable kit,47,869.50,Packed,"Fragile, handle with care"
DSP-00138,2026-05-18,Nantes,Cable kit,48,936.00,On hold,
DSP-00139,2026-05-19,Bordeaux,Cable kit,49,1004.50,Dispatched,
DSP-00140,2026-05-20,Strasbourg,Cable kit,50,1075.00,Packed,
DSP-00141,2026-05-21,Lyon,Monitor arm,51,1147.50,On hold,
DSP-00142,2026-05-22,Lille,Monitor arm,52,1222.00,Dispatched,
DSP-00143,2026-05-23,Nantes,Monitor arm,53,1298.50,Packed,
DSP-00144,2026-05-24,Bordeaux,Monitor arm,54,675.00,On hold,
DSP-00145,2026-05-25,Strasbourg,Monitor arm,55,742.50,Dispatched,
DSP-00146,2026-05-26,Lyon,Packing paper,56,812.00,Packed,
DSP-00147,2026-05-27,Lille,Packing paper,57,883.50,On hold,
DSP-00148,2026-05-28,Nantes,Packing paper,58,957.00,Dispatched,
DSP-00149,2026-05-29,Bordeaux,Packing paper,59,1032.50,Packed,
DSP-00150,2026-05-30,Strasbourg,Packing paper,60,1110.00,On hold,
DSP-00151,2026-05-31,Lyon,Desk lamp,61,1189.50,Dispatched,
DSP-00152,2026-06-01,Lille,Desk lamp,62,1271.00,Packed,
DSP-00153,2026-06-02,Nantes,Desk lamp,63,1354.50,On hold,
DSP-00154,2026-06-03,Bordeaux,Desk lamp,64,1440.00,Dispatched,"Fragile, handle with care"
DSP-00155,2026-06-04,Strasbourg,Desk lamp,65,1527.50,Packed,
DSP-00156,2026-06-05,Lyon,Storage box,66,1617.00,On hold,"Dock 2
Morning delivery"
DSP-00157,2026-06-06,Lille,Storage box,67,837.50,Dispatched,
DSP-00158,2026-06-07,Nantes,Storage box,68,918.00,Packed,
DSP-00159,2026-06-08,Bordeaux,Storage box,69,1000.50,On hold,
DSP-00160,2026-06-09,Strasbourg,Storage box,70,1085.00,Dispatched,
DSP-00161,2026-06-10,Lyon,Cable kit,71,1171.50,Packed,
DSP-00162,2026-06-11,Lille,Cable kit,72,1260.00,On hold,
DSP-00163,2026-06-12,Nantes,Cable kit,73,1350.50,Dispatched,
DSP-00164,2026-06-13,Bordeaux,Cable kit,74,1443.00,Packed,
DSP-00165,2026-06-14,Strasbourg,Cable kit,75,1537.50,On hold,
DSP-00166,2026-06-15,Lyon,Monitor arm,76,1634.00,Dispatched,
DSP-00167,2026-06-16,Lille,Monitor arm,77,1732.50,Packed,
DSP-00168,2026-06-17,Nantes,Monitor arm,78,1833.00,On hold,
DSP-00169,2026-06-18,Bordeaux,Monitor arm,79,1935.50,Dispatched,
DSP-00170,2026-06-19,Strasbourg,Monitor arm,80,1000.00,Packed,
DSP-00171,2026-06-20,Lyon,Packing paper,81,1093.50,On hold,"Fragile, handle with care"
DSP-00172,2026-06-21,Lille,Packing paper,82,1189.00,Dispatched,
DSP-00173,2026-06-22,Nantes,Packing paper,83,1286.50,Packed,
DSP-00174,2026-06-23,Bordeaux,Packing paper,84,1386.00,On hold,
DSP-00175,2026-06-24,Strasbourg,Packing paper,85,1487.50,Dispatched,
DSP-00176,2026-06-25,Lyon,Desk lamp,86,1591.00,Packed,
DSP-00177,2026-06-26,Lille,Desk lamp,87,1696.50,On hold,
DSP-00178,2026-06-27,Nantes,Desk lamp,88,1804.00,Dispatched,
DSP-00179,2026-06-28,Bordeaux,Desk lamp,89,1913.50,Packed,
DSP-00180,2026-06-29,Strasbourg,Desk lamp,90,2025.00,On hold,
DSP-00181,2026-06-30,Lyon,Storage box,1,23.50,Dispatched,
DSP-00182,2026-07-01,Lille,Storage box,2,49.00,Packed,
DSP-00183,2026-07-02,Nantes,Storage box,3,37.50,On hold,
DSP-00184,2026-07-03,Bordeaux,Storage box,4,54.00,Dispatched,
DSP-00185,2026-07-04,Strasbourg,Storage box,5,72.50,Packed,
DSP-00186,2026-07-05,Lyon,Cable kit,6,93.00,On hold,
DSP-00187,2026-07-06,Lille,Cable kit,7,115.50,Dispatched,"Dock 2
Morning delivery"
DSP-00188,2026-07-07,Nantes,Cable kit,8,140.00,Packed,"Fragile, handle with care"
DSP-00189,2026-07-08,Bordeaux,Cable kit,9,166.50,On hold,
DSP-00190,2026-07-09,Strasbourg,Cable kit,10,195.00,Dispatched,
DSP-00191,2026-07-10,Lyon,Monitor arm,11,225.50,Packed,
DSP-00192,2026-07-11,Lille,Monitor arm,12,258.00,On hold,
DSP-00193,2026-07-12,Nantes,Monitor arm,13,292.50,Dispatched,
DSP-00194,2026-07-13,Bordeaux,Monitor arm,14,329.00,Packed,
DSP-00195,2026-07-14,Strasbourg,Monitor arm,15,367.50,On hold,
DSP-00196,2026-07-15,Lyon,Packing paper,16,200.00,Dispatched,
DSP-00197,2026-07-16,Lille,Packing paper,17,229.50,Packed,
DSP-00198,2026-07-17,Nantes,Packing paper,18,261.00,On hold,
DSP-00199,2026-07-18,Bordeaux,Packing paper,19,294.50,Dispatched,
DSP-00200,2026-07-19,Strasbourg,Packing paper,20,330.00,Packed,
DSP-00201,2026-07-20,Lyon,Desk lamp,21,367.50,On hold,
DSP-00202,2026-07-21,Lille,Desk lamp,22,407.00,Dispatched,
DSP-00203,2026-07-22,Nantes,Desk lamp,23,448.50,Packed,
DSP-00204,2026-07-23,Bordeaux,Desk lamp,24,492.00,On hold,
DSP-00205,2026-07-24,Strasbourg,Desk lamp,25,537.50,Dispatched,"Fragile, handle with care"
DSP-00206,2026-07-25,Lyon,Storage box,26,585.00,Packed,
DSP-00207,2026-07-26,Lille,Storage box,27,634.50,On hold,
DSP-00208,2026-07-27,Nantes,Storage box,28,686.00,Dispatched,
DSP-00209,2026-07-28,Bordeaux,Storage box,29,362.50,Packed,
DSP-00210,2026-07-29,Strasbourg,Storage box,30,405.00,On hold,
DSP-00211,2026-07-30,Lyon,Cable kit,31,449.50,Dispatched,
DSP-00212,2026-07-31,Lille,Cable kit,32,496.00,Packed,
DSP-00213,2026-08-01,Nantes,Cable kit,33,544.50,On hold,
DSP-00214,2026-08-02,Bordeaux,Cable kit,34,595.00,Dispatched,
DSP-00215,2026-08-03,Strasbourg,Cable kit,35,647.50,Packed,
DSP-00216,2026-08-04,Lyon,Monitor arm,36,702.00,On hold,
DSP-00217,2026-08-05,Lille,Monitor arm,37,758.50,Dispatched,
DSP-00218,2026-08-06,Nantes,Monitor arm,38,817.00,Packed,"Dock 2
Morning delivery"
DSP-00219,2026-08-07,Bordeaux,Monitor arm,39,877.50,On hold,
DSP-00220,2026-08-08,Strasbourg,Monitor arm,40,940.00,Dispatched,
DSP-00221,2026-08-09,Lyon,Packing paper,41,1004.50,Packed,
DSP-00222,2026-08-10,Lille,Packing paper,42,525.00,On hold,"Fragile, handle with care"
DSP-00223,2026-08-11,Nantes,Packing paper,43,580.50,Dispatched,
DSP-00224,2026-08-12,Bordeaux,Packing paper,44,638.00,Packed,
DSP-00225,2026-08-13,Strasbourg,Packing paper,45,697.50,On hold,
DSP-00226,2026-08-14,Lyon,Desk lamp,46,759.00,Dispatched,
DSP-00227,2026-08-15,Lille,Desk lamp,47,822.50,Packed,
DSP-00228,2026-08-16,Nantes,Desk lamp,48,888.00,On hold,
DSP-00229,2026-08-17,Bordeaux,Desk lamp,49,955.50,Dispatched,
DSP-00230,2026-08-18,Strasbourg,Desk lamp,50,1025.00,Packed,
DSP-00231,2026-08-19,Lyon,Storage box,51,1096.50,On hold,
DSP-00232,2026-08-20,Lille,Storage box,52,1170.00,Dispatched,
DSP-00233,2026-08-21,Nantes,Storage box,53,1245.50,Packed,
DSP-00234,2026-08-22,Bordeaux,Storage box,54,1323.00,On hold,
DSP-00235,2026-08-23,Strasbourg,Storage box,55,687.50,Dispatched,
DSP-00236,2026-08-24,Lyon,Cable kit,56,756.00,Packed,
DSP-00237,2026-08-25,Lille,Cable kit,57,826.50,On hold,
DSP-00238,2026-08-26,Nantes,Cable kit,58,899.00,Dispatched,
DSP-00239,2026-08-27,Bordeaux,Cable kit,59,973.50,Packed,"Fragile, handle with care"
DSP-00240,2026-08-28,Strasbourg,Cable kit,60,1050.00,On hold,
DSP-00241,2026-08-29,Lyon,Monitor arm,61,1128.50,Dispatched,
DSP-00242,2026-08-30,Lille,Monitor arm,62,1209.00,Packed,
DSP-00243,2026-08-31,Nantes,Monitor arm,63,1291.50,On hold,
DSP-00244,2026-09-01,Bordeaux,Monitor arm,64,1376.00,Dispatched,
DSP-00245,2026-09-02,Strasbourg,Monitor arm,65,1462.50,Packed,
DSP-00246,2026-09-03,Lyon,Packing paper,66,1551.00,On hold,
DSP-00247,2026-09-04,Lille,Packing paper,67,1641.50,Dispatched,
DSP-00248,2026-09-05,Nantes,Packing paper,68,850.00,Packed,
DSP-00249,2026-09-06,Bordeaux,Packing paper,69,931.50,On hold,"Dock 2
Morning delivery"
DSP-00250,2026-09-07,Strasbourg,Packing paper,70,1015.00,Dispatched,
DSP-00251,2026-09-08,Lyon,Desk lamp,71,1100.50,Packed,
DSP-00252,2026-09-09,Lille,Desk lamp,72,1188.00,On hold,
DSP-00253,2026-09-10,Nantes,Desk lamp,73,1277.50,Dispatched,
DSP-00254,2026-09-11,Bordeaux,Desk lamp,74,1369.00,Packed,
DSP-00255,2026-09-12,Strasbourg,Desk lamp,75,1462.50,On hold,
DSP-00256,2026-09-13,Lyon,Storage box,76,1558.00,Dispatched,"Fragile, handle with care"
DSP-00257,2026-09-14,Lille,Storage box,77,1655.50,Packed,
DSP-00258,2026-09-15,Nantes,Storage box,78,1755.00,On hold,
DSP-00259,2026-09-16,Bordeaux,Storage box,79,1856.50,Dispatched,
DSP-00260,2026-09-17,Strasbourg,Storage box,80,1960.00,Packed,
DSP-00261,2026-09-18,Lyon,Cable kit,81,1012.50,On hold,
DSP-00262,2026-09-19,Lille,Cable kit,82,1107.00,Dispatched,
DSP-00263,2026-09-20,Nantes,Cable kit,83,1203.50,Packed,
DSP-00264,2026-09-21,Bordeaux,Cable kit,84,1302.00,On hold,
DSP-00265,2026-09-22,Strasbourg,Cable kit,85,1402.50,Dispatched,
DSP-00266,2026-09-23,Lyon,Monitor arm,86,1505.00,Packed,
DSP-00267,2026-09-24,Lille,Monitor arm,87,1609.50,On hold,
DSP-00268,2026-09-25,Nantes,Monitor arm,88,1716.00,Dispatched,
DSP-00269,2026-09-26,Bordeaux,Monitor arm,89,1824.50,Packed,
DSP-00270,2026-09-27,Strasbourg,Monitor arm,90,1935.00,On hold,
DSP-00271,2026-01-01,Lyon,Packing paper,1,22.50,Dispatched,
DSP-00272,2026-01-02,Lille,Packing paper,2,47.00,Packed,
DSP-00273,2026-01-03,Nantes,Packing paper,3,73.50,On hold,"Fragile, handle with care"
DSP-00274,2026-01-04,Bordeaux,Packing paper,4,50.00,Dispatched,
DSP-00275,2026-01-05,Strasbourg,Packing paper,5,67.50,Packed,
DSP-00276,2026-01-06,Lyon,Desk lamp,6,87.00,On hold,
DSP-00277,2026-01-07,Lille,Desk lamp,7,108.50,Dispatched,
DSP-00278,2026-01-08,Nantes,Desk lamp,8,132.00,Packed,
DSP-00279,2026-01-09,Bordeaux,Desk lamp,9,157.50,On hold,
DSP-00280,2026-01-10,Strasbourg,Desk lamp,10,185.00,Dispatched,"Dock 2
Morning delivery"
DSP-00281,2026-01-11,Lyon,Storage box,11,214.50,Packed,
DSP-00282,2026-01-12,Lille,Storage box,12,246.00,On hold,
DSP-00283,2026-01-13,Nantes,Storage box,13,279.50,Dispatched,
DSP-00284,2026-01-14,Bordeaux,Storage box,14,315.00,Packed,
DSP-00285,2026-01-15,Strasbourg,Storage box,15,352.50,On hold,
DSP-00286,2026-01-16,Lyon,Cable kit,16,392.00,Dispatched,
DSP-00287,2026-01-17,Lille,Cable kit,17,212.50,Packed,
DSP-00288,2026-01-18,Nantes,Cable kit,18,243.00,On hold,
DSP-00289,2026-01-19,Bordeaux,Cable kit,19,275.50,Dispatched,
DSP-00290,2026-01-20,Strasbourg,Cable kit,20,310.00,Packed,"Fragile, handle with care"
DSP-00291,2026-01-21,Lyon,Monitor arm,21,346.50,On hold,
DSP-00292,2026-01-22,Lille,Monitor arm,22,385.00,Dispatched,
DSP-00293,2026-01-23,Nantes,Monitor arm,23,425.50,Packed,
DSP-00294,2026-01-24,Bordeaux,Monitor arm,24,468.00,On hold,
DSP-00295,2026-01-25,Strasbourg,Monitor arm,25,512.50,Dispatched,
DSP-00296,2026-01-26,Lyon,Packing paper,26,559.00,Packed,
DSP-00297,2026-01-27,Lille,Packing paper,27,607.50,On hold,
DSP-00298,2026-01-28,Nantes,Packing paper,28,658.00,Dispatched,
DSP-00299,2026-01-29,Bordeaux,Packing paper,29,710.50,Packed,
DSP-00300,2026-01-30,Strasbourg,Packing paper,30,375.00,On hold,
DSP-00301,2026-01-31,Lyon,Desk lamp,31,418.50,Dispatched,
DSP-00302,2026-02-01,Lille,Desk lamp,32,464.00,Packed,
DSP-00303,2026-02-02,Nantes,Desk lamp,33,511.50,On hold,
DSP-00304,2026-02-03,Bordeaux,Desk lamp,34,561.00,Dispatched,
DSP-00305,2026-02-04,Strasbourg,Desk lamp,35,612.50,Packed,
DSP-00306,2026-02-05,Lyon,Storage box,36,666.00,On hold,
DSP-00307,2026-02-06,Lille,Storage box,37,721.50,Dispatched,"Fragile, handle with care"
DSP-00308,2026-02-07,Nantes,Storage box,38,779.00,Packed,
DSP-00309,2026-02-08,Bordeaux,Storage box,39,838.50,On hold,
DSP-00310,2026-02-09,Strasbourg,Storage box,40,900.00,Dispatched,
DSP-00311,2026-02-10,Lyon,Cable kit,41,963.50,Packed,"Dock 2
Morning delivery"
DSP-00312,2026-02-11,Lille,Cable kit,42,1029.00,On hold,
DSP-00313,2026-02-12,Nantes,Cable kit,43,537.50,Dispatched,
DSP-00314,2026-02-13,Bordeaux,Cable kit,44,594.00,Packed,
DSP-00315,2026-02-14,Strasbourg,Cable kit,45,652.50,On hold,
DSP-00316,2026-02-15,Lyon,Monitor arm,46,713.00,Dispatched,
DSP-00317,2026-02-16,Lille,Monitor arm,47,775.50,Packed,
DSP-00318,2026-02-17,Nantes,Monitor arm,48,840.00,On hold,
DSP-00319,2026-02-18,Bordeaux,Monitor arm,49,906.50,Dispatched,
DSP-00320,2026-02-19,Strasbourg,Monitor arm,50,975.00,Packed,
DSP-00321,2026-02-20,Lyon,Packing paper,51,1045.50,On hold,
DSP-00322,2026-02-21,Lille,Packing paper,52,1118.00,Dispatched,
DSP-00323,2026-02-22,Nantes,Packing paper,53,1192.50,Packed,
DSP-00324,2026-02-23,Bordeaux,Packing paper,54,1269.00,On hold,"Fragile, handle with care"
DSP-00325,2026-02-24,Strasbourg,Packing paper,55,1347.50,Dispatched,
DSP-00326,2026-02-25,Lyon,Desk lamp,56,700.00,Packed,
DSP-00327,2026-02-26,Lille,Desk lamp,57,769.50,On hold,
DSP-00328,2026-02-27,Nantes,Desk lamp,58,841.00,Dispatched,
DSP-00329,2026-02-28,Bordeaux,Desk lamp,59,914.50,Packed,
DSP-00330,2026-03-01,Strasbourg,Desk lamp,60,990.00,On hold,
DSP-00331,2026-03-02,Lyon,Storage box,61,1067.50,Dispatched,
DSP-00332,2026-03-03,Lille,Storage box,62,1147.00,Packed,
DSP-00333,2026-03-04,Nantes,Storage box,63,1228.50,On hold,
DSP-00334,2026-03-05,Bordeaux,Storage box,64,1312.00,Dispatched,
DSP-00335,2026-03-06,Strasbourg,Storage box,65,1397.50,Packed,
DSP-00336,2026-03-07,Lyon,Cable kit,66,1485.00,On hold,
DSP-00337,2026-03-08,Lille,Cable kit,67,1574.50,Dispatched,
DSP-00338,2026-03-09,Nantes,Cable kit,68,1666.00,Packed,
DSP-00339,2026-03-10,Bordeaux,Cable kit,69,862.50,On hold,
DSP-00340,2026-03-11,Strasbourg,Cable kit,70,945.00,Dispatched,
DSP-00341,2026-03-12,Lyon,Monitor arm,71,1029.50,Packed,"Fragile, handle with care"
DSP-00342,2026-03-13,Lille,Monitor arm,72,1116.00,On hold,"Dock 2
Morning delivery"
DSP-00343,2026-03-14,Nantes,Monitor arm,73,1204.50,Dispatched,
DSP-00344,2026-03-15,Bordeaux,Monitor arm,74,1295.00,Packed,
DSP-00345,2026-03-16,Strasbourg,Monitor arm,75,1387.50,On hold,
DSP-00346,2026-03-17,Lyon,Packing paper,76,1482.00,Dispatched,
DSP-00347,2026-03-18,Lille,Packing paper,77,1578.50,Packed,
DSP-00348,2026-03-19,Nantes,Packing paper,78,1677.00,On hold,
DSP-00349,2026-03-20,Bordeaux,Packing paper,79,1777.50,Dispatched,
DSP-00350,2026-03-21,Strasbourg,Packing paper,80,1880.00,Packed,
DSP-00351,2026-03-22,Lyon,Desk lamp,81,1984.50,On hold,
DSP-00352,2026-03-23,Lille,Desk lamp,82,1025.00,Dispatched,
DSP-00353,2026-03-24,Nantes,Desk lamp,83,1120.50,Packed,
DSP-00354,2026-03-25,Bordeaux,Desk lamp,84,1218.00,On hold,
DSP-00355,2026-03-26,Strasbourg,Desk lamp,85,1317.50,Dispatched,
DSP-00356,2026-03-27,Lyon,Storage box,86,1419.00,Packed,
DSP-00357,2026-03-28,Lille,Storage box,87,1522.50,On hold,
DSP-00358,2026-03-29,Nantes,Storage box,88,1628.00,Dispatched,"Fragile, handle with care"
DSP-00359,2026-03-30,Bordeaux,Storage box,89,1735.50,Packed,
DSP-00360,2026-03-31,Strasbourg,Storage box,90,1845.00,On hold,
DSP-00361,2026-04-01,Lyon,Cable kit,1,21.50,Dispatched,
DSP-00362,2026-04-02,Lille,Cable kit,2,45.00,Packed,
DSP-00363,2026-04-03,Nantes,Cable kit,3,70.50,On hold,
DSP-00364,2026-04-04,Bordeaux,Cable kit,4,98.00,Dispatched,
DSP-00365,2026-04-05,Strasbourg,Cable kit,5,62.50,Packed,
DSP-00366,2026-04-06,Lyon,Monitor arm,6,81.00,On hold,
DSP-00367,2026-04-07,Lille,Monitor arm,7,101.50,Dispatched,
DSP-00368,2026-04-08,Nantes,Monitor arm,8,124.00,Packed,
DSP-00369,2026-04-09,Bordeaux,Monitor arm,9,148.50,On hold,
DSP-00370,2026-04-10,Strasbourg,Monitor arm,10,175.00,Dispatched,
DSP-00371,2026-04-11,Lyon,Packing paper,11,203.50,Packed,
DSP-00372,2026-04-12,Lille,Packing paper,12,234.00,On hold,
DSP-00373,2026-04-13,Nantes,Packing paper,13,266.50,Dispatched,"Dock 2
Morning delivery"
DSP-00374,2026-04-14,Bordeaux,Packing paper,14,301.00,Packed,
DSP-00375,2026-04-15,Strasbourg,Packing paper,15,337.50,On hold,"Fragile, handle with care"
DSP-00376,2026-04-16,Lyon,Desk lamp,16,376.00,Dispatched,
DSP-00377,2026-04-17,Lille,Desk lamp,17,416.50,Packed,
DSP-00378,2026-04-18,Nantes,Desk lamp,18,225.00,On hold,
DSP-00379,2026-04-19,Bordeaux,Desk lamp,19,256.50,Dispatched,
DSP-00380,2026-04-20,Strasbourg,Desk lamp,20,290.00,Packed,
DSP-00381,2026-04-21,Lyon,Storage box,21,325.50,On hold,
DSP-00382,2026-04-22,Lille,Storage box,22,363.00,Dispatched,
DSP-00383,2026-04-23,Nantes,Storage box,23,402.50,Packed,
DSP-00384,2026-04-24,Bordeaux,Storage box,24,444.00,On hold,
DSP-00385,2026-04-25,Strasbourg,Storage box,25,487.50,Dispatched,
DSP-00386,2026-04-26,Lyon,Cable kit,26,533.00,Packed,
DSP-00387,2026-04-27,Lille,Cable kit,27,580.50,On hold,
DSP-00388,2026-04-28,Nantes,Cable kit,28,630.00,Dispatched,
DSP-00389,2026-04-29,Bordeaux,Cable kit,29,681.50,Packed,
DSP-00390,2026-04-30,Strasbourg,Cable kit,30,735.00,On hold,
DSP-00391,2026-05-01,Lyon,Monitor arm,31,387.50,Dispatched,
DSP-00392,2026-05-02,Lille,Monitor arm,32,432.00,Packed,"Fragile, handle with care"
DSP-00393,2026-05-03,Nantes,Monitor arm,33,478.50,On hold,
DSP-00394,2026-05-04,Bordeaux,Monitor arm,34,527.00,Dispatched,
DSP-00395,2026-05-05,Strasbourg,Monitor arm,35,577.50,Packed,
DSP-00396,2026-05-06,Lyon,Packing paper,36,630.00,On hold,
DSP-00397,2026-05-07,Lille,Packing paper,37,684.50,Dispatched,
DSP-00398,2026-05-08,Nantes,Packing paper,38,741.00,Packed,
DSP-00399,2026-05-09,Bordeaux,Packing paper,39,799.50,On hold,
DSP-00400,2026-05-10,Strasbourg,Packing paper,40,860.00,Dispatched,
DSP-00401,2026-05-11,Lyon,Desk lamp,41,922.50,Packed,
DSP-00402,2026-05-12,Lille,Desk lamp,42,987.00,On hold,
DSP-00403,2026-05-13,Nantes,Desk lamp,43,1053.50,Dispatched,
DSP-00404,2026-05-14,Bordeaux,Desk lamp,44,550.00,Packed,"Dock 2
Morning delivery"
DSP-00405,2026-05-15,Strasbourg,Desk lamp,45,607.50,On hold,
DSP-00406,2026-05-16,Lyon,Storage box,46,667.00,Dispatched,
DSP-00407,2026-05-17,Lille,Storage box,47,728.50,Packed,
DSP-00408,2026-05-18,Nantes,Storage box,48,792.00,On hold,
DSP-00409,2026-05-19,Bordeaux,Storage box,49,857.50,Dispatched,"Fragile, handle with care"
DSP-00410,2026-05-20,Strasbourg,Storage box,50,925.00,Packed,
DSP-00411,2026-05-21,Lyon,Cable kit,51,994.50,On hold,
DSP-00412,2026-05-22,Lille,Cable kit,52,1066.00,Dispatched,
DSP-00413,2026-05-23,Nantes,Cable kit,53,1139.50,Packed,
DSP-00414,2026-05-24,Bordeaux,Cable kit,54,1215.00,On hold,
DSP-00415,2026-05-25,Strasbourg,Cable kit,55,1292.50,Dispatched,
DSP-00416,2026-05-26,Lyon,Monitor arm,56,1372.00,Packed,
DSP-00417,2026-05-27,Lille,Monitor arm,57,712.50,On hold,
DSP-00418,2026-05-28,Nantes,Monitor arm,58,783.00,Dispatched,
DSP-00419,2026-05-29,Bordeaux,Monitor arm,59,855.50,Packed,
DSP-00420,2026-05-30,Strasbourg,Monitor arm,60,930.00,On hold,
DSP-00421,2026-05-31,Lyon,Packing paper,61,1006.50,Dispatched,
DSP-00422,2026-06-01,Lille,Packing paper,62,1085.00,Packed,
DSP-00423,2026-06-02,Nantes,Packing paper,63,1165.50,On hold,
DSP-00424,2026-06-03,Bordeaux,Packing paper,64,1248.00,Dispatched,
DSP-00425,2026-06-04,Strasbourg,Packing paper,65,1332.50,Packed,
DSP-00426,2026-06-05,Lyon,Desk lamp,66,1419.00,On hold,"Fragile, handle with care"
DSP-00427,2026-06-06,Lille,Desk lamp,67,1507.50,Dispatched,
DSP-00428,2026-06-07,Nantes,Desk lamp,68,1598.00,Packed,
DSP-00429,2026-06-08,Bordeaux,Desk lamp,69,1690.50,On hold,
DSP-00430,2026-06-09,Strasbourg,Desk lamp,70,875.00,Dispatched,
DSP-00431,2026-06-10,Lyon,Storage box,71,958.50,Packed,
DSP-00432,2026-06-11,Lille,Storage box,72,1044.00,On hold,
DSP-00433,2026-06-12,Nantes,Storage box,73,1131.50,Dispatched,
DSP-00434,2026-06-13,Bordeaux,Storage box,74,1221.00,Packed,
DSP-00435,2026-06-14,Strasbourg,Storage box,75,1312.50,On hold,"Dock 2
Morning delivery"
DSP-00436,2026-06-15,Lyon,Cable kit,76,1406.00,Dispatched,
DSP-00437,2026-06-16,Lille,Cable kit,77,1501.50,Packed,
DSP-00438,2026-06-17,Nantes,Cable kit,78,1599.00,On hold,
DSP-00439,2026-06-18,Bordeaux,Cable kit,79,1698.50,Dispatched,
DSP-00440,2026-06-19,Strasbourg,Cable kit,80,1800.00,Packed,
DSP-00441,2026-06-20,Lyon,Monitor arm,81,1903.50,On hold,
DSP-00442,2026-06-21,Lille,Monitor arm,82,2009.00,Dispatched,
DSP-00443,2026-06-22,Nantes,Monitor arm,83,1037.50,Packed,"Fragile, handle with care"
DSP-00444,2026-06-23,Bordeaux,Monitor arm,84,1134.00,On hold,
DSP-00445,2026-06-24,Strasbourg,Monitor arm,85,1232.50,Dispatched,
DSP-00446,2026-06-25,Lyon,Packing paper,86,1333.00,Packed,
DSP-00447,2026-06-26,Lille,Packing paper,87,1435.50,On hold,
DSP-00448,2026-06-27,Nantes,Packing paper,88,1540.00,Dispatched,
DSP-00449,2026-06-28,Bordeaux,Packing paper,89,1646.50,Packed,
DSP-00450,2026-06-29,Strasbourg,Packing paper,90,1755.00,On hold,
DSP-00451,2026-06-30,Lyon,Desk lamp,1,20.50,Dispatched,
DSP-00452,2026-07-01,Lille,Desk lamp,2,43.00,Packed,
DSP-00453,2026-07-02,Nantes,Desk lamp,3,67.50,On hold,
DSP-00454,2026-07-03,Bordeaux,Desk lamp,4,94.00,Dispatched,
DSP-00455,2026-07-04,Strasbourg,Desk lamp,5,122.50,Packed,
DSP-00456,2026-07-05,Lyon,Storage box,6,75.00,On hold,
DSP-00457,2026-07-06,Lille,Storage box,7,94.50,Dispatched,
DSP-00458,2026-07-07,Nantes,Storage box,8,116.00,Packed,
DSP-00459,2026-07-08,Bordeaux,Storage box,9,139.50,On hold,
DSP-00460,2026-07-09,Strasbourg,Storage box,10,165.00,Dispatched,"Fragile, handle with care"
DSP-00461,2026-07-10,Lyon,Cable kit,11,192.50,Packed,
DSP-00462,2026-07-11,Lille,Cable kit,12,222.00,On hold,
DSP-00463,2026-07-12,Nantes,Cable kit,13,253.50,Dispatched,
DSP-00464,2026-07-13,Bordeaux,Cable kit,14,287.00,Packed,
DSP-00465,2026-07-14,Strasbourg,Cable kit,15,322.50,On hold,
DSP-00466,2026-07-15,Lyon,Monitor arm,16,360.00,Dispatched,"Dock 2
Morning delivery"
DSP-00467,2026-07-16,Lille,Monitor arm,17,399.50,Packed,
DSP-00468,2026-07-17,Nantes,Monitor arm,18,441.00,On hold,
DSP-00469,2026-07-18,Bordeaux,Monitor arm,19,237.50,Dispatched,
DSP-00470,2026-07-19,Strasbourg,Monitor arm,20,270.00,Packed,
DSP-00471,2026-07-20,Lyon,Packing paper,21,304.50,On hold,
DSP-00472,2026-07-21,Lille,Packing paper,22,341.00,Dispatched,
DSP-00473,2026-07-22,Nantes,Packing paper,23,379.50,Packed,
DSP-00474,2026-07-23,Bordeaux,Packing paper,24,420.00,On hold,
DSP-00475,2026-07-24,Strasbourg,Packing paper,25,462.50,Dispatched,
DSP-00476,2026-07-25,Lyon,Desk lamp,26,507.00,Packed,
DSP-00477,2026-07-26,Lille,Desk lamp,27,553.50,On hold,"Fragile, handle with care"
DSP-00478,2026-07-27,Nantes,Desk lamp,28,602.00,Dispatched,
DSP-00479,2026-07-28,Bordeaux,Desk lamp,29,652.50,Packed,
DSP-00480,2026-07-29,Strasbourg,Desk lamp,30,705.00,On hold,
DSP-00481,2026-07-30,Lyon,Storage box,31,759.50,Dispatched,
DSP-00482,2026-07-31,Lille,Storage box,32,400.00,Packed,
DSP-00483,2026-08-01,Nantes,Storage box,33,445.50,On hold,
DSP-00484,2026-08-02,Bordeaux,Storage box,34,493.00,Dispatched,
DSP-00485,2026-08-03,Strasbourg,Storage box,35,542.50,Packed,
DSP-00486,2026-08-04,Lyon,Cable kit,36,594.00,On hold,
DSP-00487,2026-08-05,Lille,Cable kit,37,647.50,Dispatched,
DSP-00488,2026-08-06,Nantes,Cable kit,38,703.00,Packed,
DSP-00489,2026-08-07,Bordeaux,Cable kit,39,760.50,On hold,
DSP-00490,2026-08-08,Strasbourg,Cable kit,40,820.00,Dispatched,
DSP-00491,2026-08-09,Lyon,Monitor arm,41,881.50,Packed,
DSP-00492,2026-08-10,Lille,Monitor arm,42,945.00,On hold,
DSP-00493,2026-08-11,Nantes,Monitor arm,43,1010.50,Dispatched,
DSP-00494,2026-08-12,Bordeaux,Monitor arm,44,1078.00,Packed,"Fragile, handle with care"
DSP-00495,2026-08-13,Strasbourg,Monitor arm,45,562.50,On hold,
DSP-00496,2026-08-14,Lyon,Packing paper,46,621.00,Dispatched,
DSP-00497,2026-08-15,Lille,Packing paper,47,681.50,Packed,"Dock 2
Morning delivery"
DSP-00498,2026-08-16,Nantes,Packing paper,48,744.00,On hold,
DSP-00499,2026-08-17,Bordeaux,Packing paper,49,808.50,Dispatched,
DSP-00500,2026-08-18,Strasbourg,Packing paper,50,875.00,Packed,
DSP-00501,2026-08-19,Lyon,Desk lamp,51,943.50,On hold,
DSP-00502,2026-08-20,Lille,Desk lamp,52,1014.00,Dispatched,
DSP-00503,2026-08-21,Nantes,Desk lamp,53,1086.50,Packed,
DSP-00504,2026-08-22,Bordeaux,Desk lamp,54,1161.00,On hold,
DSP-00505,2026-08-23,Strasbourg,Desk lamp,55,1237.50,Dispatched,
DSP-00506,2026-08-24,Lyon,Storage box,56,1316.00,Packed,
DSP-00507,2026-08-25,Lille,Storage box,57,1396.50,On hold,
DSP-00508,2026-08-26,Nantes,Storage box,58,725.00,Dispatched,
DSP-00509,2026-08-27,Bordeaux,Storage box,59,796.50,Packed,
DSP-00510,2026-08-28,Strasbourg,Storage box,60,870.00,On hold,
DSP-00511,2026-08-29,Lyon,Cable kit,61,945.50,Dispatched,"Fragile, handle with care"
DSP-00512,2026-08-30,Lille,Cable kit,62,1023.00,Packed,
DSP-00513,2026-08-31,Nantes,Cable kit,63,1102.50,On hold,
DSP-00514,2026-09-01,Bordeaux,Cable kit,64,1184.00,Dispatched,
DSP-00515,2026-09-02,Strasbourg,Cable kit,65,1267.50,Packed,
DSP-00516,2026-09-03,Lyon,Monitor arm,66,1353.00,On hold,
DSP-00517,2026-09-04,Lille,Monitor arm,67,1440.50,Dispatched,
DSP-00518,2026-09-05,Nantes,Monitor arm,68,1530.00,Packed,
DSP-00519,2026-09-06,Bordeaux,Monitor arm,69,1621.50,On hold,
DSP-00520,2026-09-07,Strasbourg,Monitor arm,70,1715.00,Dispatched,
DSP-00521,2026-09-08,Lyon,Packing paper,71,887.50,Packed,
DSP-00522,2026-09-09,Lille,Packing paper,72,972.00,On hold,
DSP-00523,2026-09-10,Nantes,Packing paper,73,1058.50,Dispatched,
DSP-00524,2026-09-11,Bordeaux,Packing paper,74,1147.00,Packed,
DSP-00525,2026-09-12,Strasbourg,Packing paper,75,1237.50,On hold,
DSP-00526,2026-09-13,Lyon,Desk lamp,76,1330.00,Dispatched,
DSP-00527,2026-09-14,Lille,Desk lamp,77,1424.50,Packed,
DSP-00528,2026-09-15,Nantes,Desk lamp,78,1521.00,On hold,"Fragile, handle with care"
DSP-00529,2026-09-16,Bordeaux,Desk lamp,79,1619.50,Dispatched,
DSP-00530,2026-09-17,Strasbourg,Desk lamp,80,1720.00,Packed,
DSP-00531,2026-09-18,Lyon,Storage box,81,1822.50,On hold,
DSP-00532,2026-09-19,Lille,Storage box,82,1927.00,Dispatched,
DSP-00533,2026-09-20,Nantes,Storage box,83,2033.50,Packed,
DSP-00534,2026-09-21,Bordeaux,Storage box,84,1050.00,On hold,
DSP-00535,2026-09-22,Strasbourg,Storage box,85,1147.50,Dispatched,
DSP-00536,2026-09-23,Lyon,Cable kit,86,1247.00,Packed,
DSP-00537,2026-09-24,Lille,Cable kit,87,1348.50,On hold,
DSP-00538,2026-09-25,Nantes,Cable kit,88,1452.00,Dispatched,
DSP-00539,2026-09-26,Bordeaux,Cable kit,89,1557.50,Packed,
DSP-00540,2026-09-27,Strasbourg,Cable kit,90,1665.00,On hold,
DSP-00541,2026-01-01,Lyon,Monitor arm,1,19.50,Dispatched,
DSP-00542,2026-01-02,Lille,Monitor arm,2,41.00,Packed,
DSP-00543,2026-01-03,Nantes,Monitor arm,3,64.50,On hold,
DSP-00544,2026-01-04,Bordeaux,Monitor arm,4,90.00,Dispatched,
DSP-00545,2026-01-05,Strasbourg,Monitor arm,5,117.50,Packed,"Fragile, handle with care"
DSP-00546,2026-01-06,Lyon,Packing paper,6,147.00,On hold,
DSP-00547,2026-01-07,Lille,Packing paper,7,87.50,Dispatched,
DSP-00548,2026-01-08,Nantes,Packing paper,8,108.00,Packed,
DSP-00549,2026-01-09,Bordeaux,Packing paper,9,130.50,On hold,
DSP-00550,2026-01-10,Strasbourg,Packing paper,10,155.00,Dispatched,
DSP-00551,2026-01-11,Lyon,Desk lamp,11,181.50,Packed,
DSP-00552,2026-01-12,Lille,Desk lamp,12,210.00,On hold,
DSP-00553,2026-01-13,Nantes,Desk lamp,13,240.50,Dispatched,
DSP-00554,2026-01-14,Bordeaux,Desk lamp,14,273.00,Packed,
DSP-00555,2026-01-15,Strasbourg,Desk lamp,15,307.50,On hold,
DSP-00556,2026-01-16,Lyon,Storage box,16,344.00,Dispatched,
DSP-00557,2026-01-17,Lille,Storage box,17,382.50,Packed,
DSP-00558,2026-01-18,Nantes,Storage box,18,423.00,On hold,
DSP-00559,2026-01-19,Bordeaux,Storage box,19,465.50,Dispatched,"Dock 2
Morning delivery"
DSP-00560,2026-01-20,Strasbourg,Storage box,20,250.00,Packed,
DSP-00561,2026-01-21,Lyon,Cable kit,21,283.50,On hold,
DSP-00562,2026-01-22,Lille,Cable kit,22,319.00,Dispatched,"Fragile, handle with care"
DSP-00563,2026-01-23,Nantes,Cable kit,23,356.50,Packed,
DSP-00564,2026-01-24,Bordeaux,Cable kit,24,396.00,On hold,
DSP-00565,2026-01-25,Strasbourg,Cable kit,25,437.50,Dispatched,
DSP-00566,2026-01-26,Lyon,Monitor arm,26,481.00,Packed,
DSP-00567,2026-01-27,Lille,Monitor arm,27,526.50,On hold,
DSP-00568,2026-01-28,Nantes,Monitor arm,28,574.00,Dispatched,
DSP-00569,2026-01-29,Bordeaux,Monitor arm,29,623.50,Packed,
DSP-00570,2026-01-30,Strasbourg,Monitor arm,30,675.00,On hold,
DSP-00571,2026-01-31,Lyon,Packing paper,31,728.50,Dispatched,
DSP-00572,2026-02-01,Lille,Packing paper,32,784.00,Packed,
DSP-00573,2026-02-02,Nantes,Packing paper,33,412.50,On hold,
DSP-00574,2026-02-03,Bordeaux,Packing paper,34,459.00,Dispatched,
DSP-00575,2026-02-04,Strasbourg,Packing paper,35,507.50,Packed,
DSP-00576,2026-02-05,Lyon,Desk lamp,36,558.00,On hold,
DSP-00577,2026-02-06,Lille,Desk lamp,37,610.50,Dispatched,
DSP-00578,2026-02-07,Nantes,Desk lamp,38,665.00,Packed,
DSP-00579,2026-02-08,Bordeaux,Desk lamp,39,721.50,On hold,"Fragile, handle with care"
DSP-00580,2026-02-09,Strasbourg,Desk lamp,40,780.00,Dispatched,
DSP-00581,2026-02-10,Lyon,Storage box,41,840.50,Packed,
DSP-00582,2026-02-11,Lille,Storage box,42,903.00,On hold,
DSP-00583,2026-02-12,Nantes,Storage box,43,967.50,Dispatched,
DSP-00584,2026-02-13,Bordeaux,Storage box,44,1034.00,Packed,
DSP-00585,2026-02-14,Strasbourg,Storage box,45,1102.50,On hold,
DSP-00586,2026-02-15,Lyon,Cable kit,46,575.00,Dispatched,
DSP-00587,2026-02-16,Lille,Cable kit,47,634.50,Packed,
DSP-00588,2026-02-17,Nantes,Cable kit,48,696.00,On hold,
DSP-00589,2026-02-18,Bordeaux,Cable kit,49,759.50,Dispatched,
DSP-00590,2026-02-19,Strasbourg,Cable kit,50,825.00,Packed,"Dock 2
Morning delivery"
DSP-00591,2026-02-20,Lyon,Monitor arm,51,892.50,On hold,
DSP-00592,2026-02-21,Lille,Monitor arm,52,962.00,Dispatched,
DSP-00593,2026-02-22,Nantes,Monitor arm,53,1033.50,Packed,
DSP-00594,2026-02-23,Bordeaux,Monitor arm,54,1107.00,On hold,
DSP-00595,2026-02-24,Strasbourg,Monitor arm,55,1182.50,Dispatched,
DSP-00596,2026-02-25,Lyon,Packing paper,56,1260.00,Packed,"Fragile, handle with care"
DSP-00597,2026-02-26,Lille,Packing paper,57,1339.50,On hold,
DSP-00598,2026-02-27,Nantes,Packing paper,58,1421.00,Dispatched,
DSP-00599,2026-02-28,Bordeaux,Packing paper,59,737.50,Packed,
DSP-00600,2026-03-01,Strasbourg,Packing paper,60,810.00,On hold,
DSP-00601,2026-03-02,Lyon,Desk lamp,61,884.50,Dispatched,
DSP-00602,2026-03-03,Lille,Desk lamp,62,961.00,Packed,
DSP-00603,2026-03-04,Nantes,Desk lamp,63,1039.50,On hold,
DSP-00604,2026-03-05,Bordeaux,Desk lamp,64,1120.00,Dispatched,
DSP-00605,2026-03-06,Strasbourg,Desk lamp,65,1202.50,Packed,
DSP-00606,2026-03-07,Lyon,Storage box,66,1287.00,On hold,
DSP-00607,2026-03-08,Lille,Storage box,67,1373.50,Dispatched,
DSP-00608,2026-03-09,Nantes,Storage box,68,1462.00,Packed,
DSP-00609,2026-03-10,Bordeaux,Storage box,69,1552.50,On hold,
DSP-00610,2026-03-11,Strasbourg,Storage box,70,1645.00,Dispatched,
DSP-00611,2026-03-12,Lyon,Cable kit,71,1739.50,Packed,
DSP-00612,2026-03-13,Lille,Cable kit,72,900.00,On hold,
DSP-00613,2026-03-14,Nantes,Cable kit,73,985.50,Dispatched,"Fragile, handle with care"
DSP-00614,2026-03-15,Bordeaux,Cable kit,74,1073.00,Packed,
DSP-00615,2026-03-16,Strasbourg,Cable kit,75,1162.50,On hold,
DSP-00616,2026-03-17,Lyon,Monitor arm,76,1254.00,Dispatched,
DSP-00617,2026-03-18,Lille,Monitor arm,77,1347.50,Packed,
DSP-00618,2026-03-19,Nantes,Monitor arm,78,1443.00,On hold,
DSP-00619,2026-03-20,Bordeaux,Monitor arm,79,1540.50,Dispatched,
DSP-00620,2026-03-21,Strasbourg,Monitor arm,80,1640.00,Packed,
DSP-00621,2026-03-22,Lyon,Packing paper,81,1741.50,On hold,"Dock 2
Morning delivery"
DSP-00622,2026-03-23,Lille,Packing paper,82,1845.00,Dispatched,
DSP-00623,2026-03-24,Nantes,Packing paper,83,1950.50,Packed,
DSP-00624,2026-03-25,Bordeaux,Packing paper,84,2058.00,On hold,
DSP-00625,2026-03-26,Strasbourg,Packing paper,85,1062.50,Dispatched,
DSP-00626,2026-03-27,Lyon,Desk lamp,86,1161.00,Packed,
DSP-00627,2026-03-28,Lille,Desk lamp,87,1261.50,On hold,
DSP-00628,2026-03-29,Nantes,Desk lamp,88,1364.00,Dispatched,
DSP-00629,2026-03-30,Bordeaux,Desk lamp,89,1468.50,Packed,
DSP-00630,2026-03-31,Strasbourg,Desk lamp,90,1575.00,On hold,"Fragile, handle with care"
DSP-00631,2026-04-01,Lyon,Storage box,1,18.50,Dispatched,
DSP-00632,2026-04-02,Lille,Storage box,2,39.00,Packed,
DSP-00633,2026-04-03,Nantes,Storage box,3,61.50,On hold,
DSP-00634,2026-04-04,Bordeaux,Storage box,4,86.00,Dispatched,
DSP-00635,2026-04-05,Strasbourg,Storage box,5,112.50,Packed,
DSP-00636,2026-04-06,Lyon,Cable kit,6,141.00,On hold,
DSP-00637,2026-04-07,Lille,Cable kit,7,171.50,Dispatched,
DSP-00638,2026-04-08,Nantes,Cable kit,8,100.00,Packed,
DSP-00639,2026-04-09,Bordeaux,Cable kit,9,121.50,On hold,
DSP-00640,2026-04-10,Strasbourg,Cable kit,10,145.00,Dispatched,
DSP-00641,2026-04-11,Lyon,Monitor arm,11,170.50,Packed,
DSP-00642,2026-04-12,Lille,Monitor arm,12,198.00,On hold,
DSP-00643,2026-04-13,Nantes,Monitor arm,13,227.50,Dispatched,
DSP-00644,2026-04-14,Bordeaux,Monitor arm,14,259.00,Packed,
DSP-00645,2026-04-15,Strasbourg,Monitor arm,15,292.50,On hold,
DSP-00646,2026-04-16,Lyon,Packing paper,16,328.00,Dispatched,
DSP-00647,2026-04-17,Lille,Packing paper,17,365.50,Packed,"Fragile, handle with care"
DSP-00648,2026-04-18,Nantes,Packing paper,18,405.00,On hold,
DSP-00649,2026-04-19,Bordeaux,Packing paper,19,446.50,Dispatched,
DSP-00650,2026-04-20,Strasbourg,Packing paper,20,490.00,Packed,
DSP-00651,2026-04-21,Lyon,Desk lamp,21,262.50,On hold,
DSP-00652,2026-04-22,Lille,Desk lamp,22,297.00,Dispatched,"Dock 2
Morning delivery"
DSP-00653,2026-04-23,Nantes,Desk lamp,23,333.50,Packed,
DSP-00654,2026-04-24,Bordeaux,Desk lamp,24,372.00,On hold,
DSP-00655,2026-04-25,Strasbourg,Desk lamp,25,412.50,Dispatched,
DSP-00656,2026-04-26,Lyon,Storage box,26,455.00,Packed,
DSP-00657,2026-04-27,Lille,Storage box,27,499.50,On hold,
DSP-00658,2026-04-28,Nantes,Storage box,28,546.00,Dispatched,
DSP-00659,2026-04-29,Bordeaux,Storage box,29,594.50,Packed,
DSP-00660,2026-04-30,Strasbourg,Storage box,30,645.00,On hold,
DSP-00661,2026-05-01,Lyon,Cable kit,31,697.50,Dispatched,
DSP-00662,2026-05-02,Lille,Cable kit,32,752.00,Packed,
DSP-00663,2026-05-03,Nantes,Cable kit,33,808.50,On hold,
DSP-00664,2026-05-04,Bordeaux,Cable kit,34,425.00,Dispatched,"Fragile, handle with care"
DSP-00665,2026-05-05,Strasbourg,Cable kit,35,472.50,Packed,
DSP-00666,2026-05-06,Lyon,Monitor arm,36,522.00,On hold,
DSP-00667,2026-05-07,Lille,Monitor arm,37,573.50,Dispatched,
DSP-00668,2026-05-08,Nantes,Monitor arm,38,627.00,Packed,
DSP-00669,2026-05-09,Bordeaux,Monitor arm,39,682.50,On hold,
DSP-00670,2026-05-10,Strasbourg,Monitor arm,40,740.00,Dispatched,
DSP-00671,2026-05-11,Lyon,Packing paper,41,799.50,Packed,
DSP-00672,2026-05-12,Lille,Packing paper,42,861.00,On hold,
DSP-00673,2026-05-13,Nantes,Packing paper,43,924.50,Dispatched,
DSP-00674,2026-05-14,Bordeaux,Packing paper,44,990.00,Packed,
DSP-00675,2026-05-15,Strasbourg,Packing paper,45,1057.50,On hold,
DSP-00676,2026-05-16,Lyon,Desk lamp,46,1127.00,Dispatched,
DSP-00677,2026-05-17,Lille,Desk lamp,47,587.50,Packed,
DSP-00678,2026-05-18,Nantes,Desk lamp,48,648.00,On hold,
DSP-00679,2026-05-19,Bordeaux,Desk lamp,49,710.50,Dispatched,
DSP-00680,2026-05-20,Strasbourg,Desk lamp,50,775.00,Packed,
DSP-00681,2026-05-21,Lyon,Storage box,51,841.50,On hold,"Fragile, handle with care"
DSP-00682,2026-05-22,Lille,Storage box,52,910.00,Dispatched,
DSP-00683,2026-05-23,Nantes,Storage box,53,980.50,Packed,"Dock 2
Morning delivery"
DSP-00684,2026-05-24,Bordeaux,Storage box,54,1053.00,On hold,
DSP-00685,2026-05-25,Strasbourg,Storage box,55,1127.50,Dispatched,
DSP-00686,2026-05-26,Lyon,Cable kit,56,1204.00,Packed,
DSP-00687,2026-05-27,Lille,Cable kit,57,1282.50,On hold,
DSP-00688,2026-05-28,Nantes,Cable kit,58,1363.00,Dispatched,
DSP-00689,2026-05-29,Bordeaux,Cable kit,59,1445.50,Packed,
DSP-00690,2026-05-30,Strasbourg,Cable kit,60,750.00,On hold,
DSP-00691,2026-05-31,Lyon,Monitor arm,61,823.50,Dispatched,
DSP-00692,2026-06-01,Lille,Monitor arm,62,899.00,Packed,
DSP-00693,2026-06-02,Nantes,Monitor arm,63,976.50,On hold,
DSP-00694,2026-06-03,Bordeaux,Monitor arm,64,1056.00,Dispatched,
DSP-00695,2026-06-04,Strasbourg,Monitor arm,65,1137.50,Packed,
DSP-00696,2026-06-05,Lyon,Packing paper,66,1221.00,On hold,
DSP-00697,2026-06-06,Lille,Packing paper,67,1306.50,Dispatched,
DSP-00698,2026-06-07,Nantes,Packing paper,68,1394.00,Packed,"Fragile, handle with care"
DSP-00699,2026-06-08,Bordeaux,Packing paper,69,1483.50,On hold,
DSP-00700,2026-06-09,Strasbourg,Packing paper,70,1575.00,Dispatched,
DSP-00701,2026-06-10,Lyon,Desk lamp,71,1668.50,Packed,
DSP-00702,2026-06-11,Lille,Desk lamp,72,1764.00,On hold,
DSP-00703,2026-06-12,Nantes,Desk lamp,73,912.50,Dispatched,
DSP-00704,2026-06-13,Bordeaux,Desk lamp,74,999.00,Packed,
DSP-00705,2026-06-14,Strasbourg,Desk lamp,75,1087.50,On hold,
DSP-00706,2026-06-15,Lyon,Storage box,76,1178.00,Dispatched,
DSP-00707,2026-06-16,Lille,Storage box,77,1270.50,Packed,
DSP-00708,2026-06-17,Nantes,Storage box,78,1365.00,On hold,
DSP-00709,2026-06-18,Bordeaux,Storage box,79,1461.50,Dispatched,
DSP-00710,2026-06-19,Strasbourg,Storage box,80,1560.00,Packed,
DSP-00711,2026-06-20,Lyon,Cable kit,81,1660.50,On hold,
DSP-00712,2026-06-21,Lille,Cable kit,82,1763.00,Dispatched,
DSP-00713,2026-06-22,Nantes,Cable kit,83,1867.50,Packed,
DSP-00714,2026-06-23,Bordeaux,Cable kit,84,1974.00,On hold,"Dock 2
Morning delivery"
DSP-00715,2026-06-24,Strasbourg,Cable kit,85,2082.50,Dispatched,"Fragile, handle with care"
DSP-00716,2026-06-25,Lyon,Monitor arm,86,1075.00,Packed,
DSP-00717,2026-06-26,Lille,Monitor arm,87,1174.50,On hold,
DSP-00718,2026-06-27,Nantes,Monitor arm,88,1276.00,Dispatched,
DSP-00719,2026-06-28,Bordeaux,Monitor arm,89,1379.50,Packed,
DSP-00720,2026-06-29,Strasbourg,Monitor arm,90,1485.00,On hold,
DSP-00721,2026-06-30,Lyon,Packing paper,1,17.50,Dispatched,
DSP-00722,2026-07-01,Lille,Packing paper,2,37.00,Packed,
DSP-00723,2026-07-02,Nantes,Packing paper,3,58.50,On hold,
DSP-00724,2026-07-03,Bordeaux,Packing paper,4,82.00,Dispatched,
DSP-00725,2026-07-04,Strasbourg,Packing paper,5,107.50,Packed,
DSP-00726,2026-07-05,Lyon,Desk lamp,6,135.00,On hold,
DSP-00727,2026-07-06,Lille,Desk lamp,7,164.50,Dispatched,
DSP-00728,2026-07-07,Nantes,Desk lamp,8,196.00,Packed,
DSP-00729,2026-07-08,Bordeaux,Desk lamp,9,112.50,On hold,
DSP-00730,2026-07-09,Strasbourg,Desk lamp,10,135.00,Dispatched,
DSP-00731,2026-07-10,Lyon,Storage box,11,159.50,Packed,
DSP-00732,2026-07-11,Lille,Storage box,12,186.00,On hold,"Fragile, handle with care"
DSP-00733,2026-07-12,Nantes,Storage box,13,214.50,Dispatched,
DSP-00734,2026-07-13,Bordeaux,Storage box,14,245.00,Packed,
DSP-00735,2026-07-14,Strasbourg,Storage box,15,277.50,On hold,
DSP-00736,2026-07-15,Lyon,Cable kit,16,312.00,Dispatched,
DSP-00737,2026-07-16,Lille,Cable kit,17,348.50,Packed,
DSP-00738,2026-07-17,Nantes,Cable kit,18,387.00,On hold,
DSP-00739,2026-07-18,Bordeaux,Cable kit,19,427.50,Dispatched,
DSP-00740,2026-07-19,Strasbourg,Cable kit,20,470.00,Packed,
DSP-00741,2026-07-20,Lyon,Monitor arm,21,514.50,On hold,
DSP-00742,2026-07-21,Lille,Monitor arm,22,275.00,Dispatched,
DSP-00743,2026-07-22,Nantes,Monitor arm,23,310.50,Packed,
DSP-00744,2026-07-23,Bordeaux,Monitor arm,24,348.00,On hold,
DSP-00745,2026-07-24,Strasbourg,Monitor arm,25,387.50,Dispatched,"Dock 2
Morning delivery"
DSP-00746,2026-07-25,Lyon,Packing paper,26,429.00,Packed,
DSP-00747,2026-07-26,Lille,Packing paper,27,472.50,On hold,
DSP-00748,2026-07-27,Nantes,Packing paper,28,518.00,Dispatched,
DSP-00749,2026-07-28,Bordeaux,Packing paper,29,565.50,Packed,"Fragile, handle with care"
DSP-00750,2026-07-29,Strasbourg,Packing paper,30,615.00,On hold,
DSP-00751,2026-07-30,Lyon,Desk lamp,31,666.50,Dispatched,
DSP-00752,2026-07-31,Lille,Desk lamp,32,720.00,Packed,
DSP-00753,2026-08-01,Nantes,Desk lamp,33,775.50,On hold,
DSP-00754,2026-08-02,Bordeaux,Desk lamp,34,833.00,Dispatched,
DSP-00755,2026-08-03,Strasbourg,Desk lamp,35,437.50,Packed,
DSP-00756,2026-08-04,Lyon,Storage box,36,486.00,On hold,
DSP-00757,2026-08-05,Lille,Storage box,37,536.50,Dispatched,
DSP-00758,2026-08-06,Nantes,Storage box,38,589.00,Packed,
DSP-00759,2026-08-07,Bordeaux,Storage box,39,643.50,On hold,
DSP-00760,2026-08-08,Strasbourg,Storage box,40,700.00,Dispatched,
DSP-00761,2026-08-09,Lyon,Cable kit,41,758.50,Packed,
DSP-00762,2026-08-10,Lille,Cable kit,42,819.00,On hold,
DSP-00763,2026-08-11,Nantes,Cable kit,43,881.50,Dispatched,
DSP-00764,2026-08-12,Bordeaux,Cable kit,44,946.00,Packed,
DSP-00765,2026-08-13,Strasbourg,Cable kit,45,1012.50,On hold,
DSP-00766,2026-08-14,Lyon,Monitor arm,46,1081.00,Dispatched,"Fragile, handle with care"
DSP-00767,2026-08-15,Lille,Monitor arm,47,1151.50,Packed,
DSP-00768,2026-08-16,Nantes,Monitor arm,48,600.00,On hold,
DSP-00769,2026-08-17,Bordeaux,Monitor arm,49,661.50,Dispatched,
DSP-00770,2026-08-18,Strasbourg,Monitor arm,50,725.00,Packed,
DSP-00771,2026-08-19,Lyon,Packing paper,51,790.50,On hold,
DSP-00772,2026-08-20,Lille,Packing paper,52,858.00,Dispatched,
DSP-00773,2026-08-21,Nantes,Packing paper,53,927.50,Packed,
DSP-00774,2026-08-22,Bordeaux,Packing paper,54,999.00,On hold,
DSP-00775,2026-08-23,Strasbourg,Packing paper,55,1072.50,Dispatched,
DSP-00776,2026-08-24,Lyon,Desk lamp,56,1148.00,Packed,"Dock 2
Morning delivery"
DSP-00777,2026-08-25,Lille,Desk lamp,57,1225.50,On hold,
DSP-00778,2026-08-26,Nantes,Desk lamp,58,1305.00,Dispatched,
DSP-00779,2026-08-27,Bordeaux,Desk lamp,59,1386.50,Packed,
DSP-00780,2026-08-28,Strasbourg,Desk lamp,60,1470.00,On hold,
DSP-00781,2026-08-29,Lyon,Storage box,61,762.50,Dispatched,
DSP-00782,2026-08-30,Lille,Storage box,62,837.00,Packed,
DSP-00783,2026-08-31,Nantes,Storage box,63,913.50,On hold,"Fragile, handle with care"
DSP-00784,2026-09-01,Bordeaux,Storage box,64,992.00,Dispatched,
DSP-00785,2026-09-02,Strasbourg,Storage box,65,1072.50,Packed,
DSP-00786,2026-09-03,Lyon,Cable kit,66,1155.00,On hold,
DSP-00787,2026-09-04,Lille,Cable kit,67,1239.50,Dispatched,
DSP-00788,2026-09-05,Nantes,Cable kit,68,1326.00,Packed,
DSP-00789,2026-09-06,Bordeaux,Cable kit,69,1414.50,On hold,
DSP-00790,2026-09-07,Strasbourg,Cable kit,70,1505.00,Dispatched,
DSP-00791,2026-09-08,Lyon,Monitor arm,71,1597.50,Packed,
DSP-00792,2026-09-09,Lille,Monitor arm,72,1692.00,On hold,
DSP-00793,2026-09-10,Nantes,Monitor arm,73,1788.50,Dispatched,
DSP-00794,2026-09-11,Bordeaux,Monitor arm,74,925.00,Packed,
DSP-00795,2026-09-12,Strasbourg,Monitor arm,75,1012.50,On hold,
DSP-00796,2026-09-13,Lyon,Packing paper,76,1102.00,Dispatched,
DSP-00797,2026-09-14,Lille,Packing paper,77,1193.50,Packed,
DSP-00798,2026-09-15,Nantes,Packing paper,78,1287.00,On hold,
DSP-00799,2026-09-16,Bordeaux,Packing paper,79,1382.50,Dispatched,
DSP-00800,2026-09-17,Strasbourg,Packing paper,80,1480.00,Packed,"Fragile, handle with care"
DSP-00801,2026-09-18,Lyon,Desk lamp,81,1579.50,On hold,
DSP-00802,2026-09-19,Lille,Desk lamp,82,1681.00,Dispatched,
DSP-00803,2026-09-20,Nantes,Desk lamp,83,1784.50,Packed,
DSP-00804,2026-09-21,Bordeaux,Desk lamp,84,1890.00,On hold,
DSP-00805,2026-09-22,Strasbourg,Desk lamp,85,1997.50,Dispatched,
DSP-00806,2026-09-23,Lyon,Storage box,86,2107.00,Packed,
DSP-00807,2026-09-24,Lille,Storage box,87,1087.50,On hold,"Dock 2
Morning delivery"
DSP-00808,2026-09-25,Nantes,Storage box,88,1188.00,Dispatched,
DSP-00809,2026-09-26,Bordeaux,Storage box,89,1290.50,Packed,
DSP-00810,2026-09-27,Strasbourg,Storage box,90,1395.00,On hold,
DSP-00811,2026-01-01,Lyon,Cable kit,1,16.50,Dispatched,
DSP-00812,2026-01-02,Lille,Cable kit,2,35.00,Packed,
DSP-00813,2026-01-03,Nantes,Cable kit,3,55.50,On hold,
DSP-00814,2026-01-04,Bordeaux,Cable kit,4,78.00,Dispatched,
DSP-00815,2026-01-05,Strasbourg,Cable kit,5,102.50,Packed,
DSP-00816,2026-01-06,Lyon,Monitor arm,6,129.00,On hold,
DSP-00817,2026-01-07,Lille,Monitor arm,7,157.50,Dispatched,"Fragile, handle with care"
DSP-00818,2026-01-08,Nantes,Monitor arm,8,188.00,Packed,
DSP-00819,2026-01-09,Bordeaux,Monitor arm,9,220.50,On hold,
DSP-00820,2026-01-10,Strasbourg,Monitor arm,10,125.00,Dispatched,
DSP-00821,2026-01-11,Lyon,Packing paper,11,148.50,Packed,
DSP-00822,2026-01-12,Lille,Packing paper,12,174.00,On hold,
DSP-00823,2026-01-13,Nantes,Packing paper,13,201.50,Dispatched,
DSP-00824,2026-01-14,Bordeaux,Packing paper,14,231.00,Packed,
DSP-00825,2026-01-15,Strasbourg,Packing paper,15,262.50,On hold,
DSP-00826,2026-01-16,Lyon,Desk lamp,16,296.00,Dispatched,
DSP-00827,2026-01-17,Lille,Desk lamp,17,331.50,Packed,
DSP-00828,2026-01-18,Nantes,Desk lamp,18,369.00,On hold,
DSP-00829,2026-01-19,Bordeaux,Desk lamp,19,408.50,Dispatched,
DSP-00830,2026-01-20,Strasbourg,Desk lamp,20,450.00,Packed,
DSP-00831,2026-01-21,Lyon,Storage box,21,493.50,On hold,
DSP-00832,2026-01-22,Lille,Storage box,22,539.00,Dispatched,
DSP-00833,2026-01-23,Nantes,Storage box,23,287.50,Packed,
DSP-00834,2026-01-24,Bordeaux,Storage box,24,324.00,On hold,"Fragile, handle with care"
DSP-00835,2026-01-25,Strasbourg,Storage box,25,362.50,Dispatched,
DSP-00836,2026-01-26,Lyon,Cable kit,26,403.00,Packed,
DSP-00837,2026-01-27,Lille,Cable kit,27,445.50,On hold,
DSP-00838,2026-01-28,Nantes,Cable kit,28,490.00,Dispatched,"Dock 2
Morning delivery"
DSP-00839,2026-01-29,Bordeaux,Cable kit,29,536.50,Packed,
DSP-00840,2026-01-30,Strasbourg,Cable kit,30,585.00,On hold,
DSP-00841,2026-01-31,Lyon,Monitor arm,31,635.50,Dispatched,
DSP-00842,2026-02-01,Lille,Monitor arm,32,688.00,Packed,
DSP-00843,2026-02-02,Nantes,Monitor arm,33,742.50,On hold,
DSP-00844,2026-02-03,Bordeaux,Monitor arm,34,799.00,Dispatched,
DSP-00845,2026-02-04,Strasbourg,Monitor arm,35,857.50,Packed,
DSP-00846,2026-02-05,Lyon,Packing paper,36,450.00,On hold,
DSP-00847,2026-02-06,Lille,Packing paper,37,499.50,Dispatched,
DSP-00848,2026-02-07,Nantes,Packing paper,38,551.00,Packed,
DSP-00849,2026-02-08,Bordeaux,Packing paper,39,604.50,On hold,
DSP-00850,2026-02-09,Strasbourg,Packing paper,40,660.00,Dispatched,
DSP-00851,2026-02-10,Lyon,Desk lamp,41,717.50,Packed,"Fragile, handle with care"
DSP-00852,2026-02-11,Lille,Desk lamp,42,777.00,On hold,
DSP-00853,2026-02-12,Nantes,Desk lamp,43,838.50,Dispatched,
DSP-00854,2026-02-13,Bordeaux,Desk lamp,44,902.00,Packed,
DSP-00855,2026-02-14,Strasbourg,Desk lamp,45,967.50,On hold,
DSP-00856,2026-02-15,Lyon,Storage box,46,1035.00,Dispatched,
DSP-00857,2026-02-16,Lille,Storage box,47,1104.50,Packed,
DSP-00858,2026-02-17,Nantes,Storage box,48,1176.00,On hold,
DSP-00859,2026-02-18,Bordeaux,Storage box,49,612.50,Dispatched,
DSP-00860,2026-02-19,Strasbourg,Storage box,50,675.00,Packed,
DSP-00861,2026-02-20,Lyon,Cable kit,51,739.50,On hold,
DSP-00862,2026-02-21,Lille,Cable kit,52,806.00,Dispatched,
DSP-00863,2026-02-22,Nantes,Cable kit,53,874.50,Packed,
DSP-00864,2026-02-23,Bordeaux,Cable kit,54,945.00,On hold,
DSP-00865,2026-02-24,Strasbourg,Cable kit,55,1017.50,Dispatched,
DSP-00866,2026-02-25,Lyon,Monitor arm,56,1092.00,Packed,
DSP-00867,2026-02-26,Lille,Monitor arm,57,1168.50,On hold,
DSP-00868,2026-02-27,Nantes,Monitor arm,58,1247.00,Dispatched,"Fragile, handle with care"
DSP-00869,2026-02-28,Bordeaux,Monitor arm,59,1327.50,Packed,"Dock 2
Morning delivery"
DSP-00870,2026-03-01,Strasbourg,Monitor arm,60,1410.00,On hold,
DSP-00871,2026-03-02,Lyon,Packing paper,61,1494.50,Dispatched,
DSP-00872,2026-03-03,Lille,Packing paper,62,775.00,Packed,
DSP-00873,2026-03-04,Nantes,Packing paper,63,850.50,On hold,
DSP-00874,2026-03-05,Bordeaux,Packing paper,64,928.00,Dispatched,
DSP-00875,2026-03-06,Strasbourg,Packing paper,65,1007.50,Packed,
DSP-00876,2026-03-07,Lyon,Desk lamp,66,1089.00,On hold,
DSP-00877,2026-03-08,Lille,Desk lamp,67,1172.50,Dispatched,
DSP-00878,2026-03-09,Nantes,Desk lamp,68,1258.00,Packed,
DSP-00879,2026-03-10,Bordeaux,Desk lamp,69,1345.50,On hold,
DSP-00880,2026-03-11,Strasbourg,Desk lamp,70,1435.00,Dispatched,
DSP-00881,2026-03-12,Lyon,Storage box,71,1526.50,Packed,
DSP-00882,2026-03-13,Lille,Storage box,72,1620.00,On hold,
DSP-00883,2026-03-14,Nantes,Storage box,73,1715.50,Dispatched,
DSP-00884,2026-03-15,Bordeaux,Storage box,74,1813.00,Packed,
DSP-00885,2026-03-16,Strasbourg,Storage box,75,937.50,On hold,"Fragile, handle with care"
DSP-00886,2026-03-17,Lyon,Cable kit,76,1026.00,Dispatched,
DSP-00887,2026-03-18,Lille,Cable kit,77,1116.50,Packed,
DSP-00888,2026-03-19,Nantes,Cable kit,78,1209.00,On hold,
DSP-00889,2026-03-20,Bordeaux,Cable kit,79,1303.50,Dispatched,
DSP-00890,2026-03-21,Strasbourg,Cable kit,80,1400.00,Packed,
DSP-00891,2026-03-22,Lyon,Monitor arm,81,1498.50,On hold,
DSP-00892,2026-03-23,Lille,Monitor arm,82,1599.00,Dispatched,
DSP-00893,2026-03-24,Nantes,Monitor arm,83,1701.50,Packed,
DSP-00894,2026-03-25,Bordeaux,Monitor arm,84,1806.00,On hold,
DSP-00895,2026-03-26,Strasbourg,Monitor arm,85,1912.50,Dispatched,
DSP-00896,2026-03-27,Lyon,Packing paper,86,2021.00,Packed,
DSP-00897,2026-03-28,Lille,Packing paper,87,2131.50,On hold,
DSP-00898,2026-03-29,Nantes,Packing paper,88,1100.00,Dispatched,
DSP-00899,2026-03-30,Bordeaux,Packing paper,89,1201.50,Packed,
DSP-00900,2026-03-31,Strasbourg,Packing paper,90,1305.00,On hold,"Dock 2
Morning delivery"
DSP-00901,2026-04-01,Lyon,Desk lamp,1,15.50,Dispatched,
DSP-00902,2026-04-02,Lille,Desk lamp,2,33.00,Packed,"Fragile, handle with care"
DSP-00903,2026-04-03,Nantes,Desk lamp,3,52.50,On hold,
DSP-00904,2026-04-04,Bordeaux,Desk lamp,4,74.00,Dispatched,
DSP-00905,2026-04-05,Strasbourg,Desk lamp,5,97.50,Packed,
DSP-00906,2026-04-06,Lyon,Storage box,6,123.00,On hold,
DSP-00907,2026-04-07,Lille,Storage box,7,150.50,Dispatched,
DSP-00908,2026-04-08,Nantes,Storage box,8,180.00,Packed,
DSP-00909,2026-04-09,Bordeaux,Storage box,9,211.50,On hold,
DSP-00910,2026-04-10,Strasbourg,Storage box,10,245.00,Dispatched,
DSP-00911,2026-04-11,Lyon,Cable kit,11,137.50,Packed,
DSP-00912,2026-04-12,Lille,Cable kit,12,162.00,On hold,
DSP-00913,2026-04-13,Nantes,Cable kit,13,188.50,Dispatched,
DSP-00914,2026-04-14,Bordeaux,Cable kit,14,217.00,Packed,
DSP-00915,2026-04-15,Strasbourg,Cable kit,15,247.50,On hold,
DSP-00916,2026-04-16,Lyon,Monitor arm,16,280.00,Dispatched,
DSP-00917,2026-04-17,Lille,Monitor arm,17,314.50,Packed,
DSP-00918,2026-04-18,Nantes,Monitor arm,18,351.00,On hold,
DSP-00919,2026-04-19,Bordeaux,Monitor arm,19,389.50,Dispatched,"Fragile, handle with care"
DSP-00920,2026-04-20,Strasbourg,Monitor arm,20,430.00,Packed,
DSP-00921,2026-04-21,Lyon,Packing paper,21,472.50,On hold,
DSP-00922,2026-04-22,Lille,Packing paper,22,517.00,Dispatched,
DSP-00923,2026-04-23,Nantes,Packing paper,23,563.50,Packed,
DSP-00924,2026-04-24,Bordeaux,Packing paper,24,300.00,On hold,
DSP-00925,2026-04-25,Strasbourg,Packing paper,25,337.50,Dispatched,
DSP-00926,2026-04-26,Lyon,Desk lamp,26,377.00,Packed,
DSP-00927,2026-04-27,Lille,Desk lamp,27,418.50,On hold,
DSP-00928,2026-04-28,Nantes,Desk lamp,28,462.00,Dispatched,
DSP-00929,2026-04-29,Bordeaux,Desk lamp,29,507.50,Packed,
DSP-00930,2026-04-30,Strasbourg,Desk lamp,30,555.00,On hold,
DSP-00931,2026-05-01,Lyon,Storage box,31,604.50,Dispatched,"Dock 2
Morning delivery"
DSP-00932,2026-05-02,Lille,Storage box,32,656.00,Packed,
DSP-00933,2026-05-03,Nantes,Storage box,33,709.50,On hold,
DSP-00934,2026-05-04,Bordeaux,Storage box,34,765.00,Dispatched,
DSP-00935,2026-05-05,Strasbourg,Storage box,35,822.50,Packed,
DSP-00936,2026-05-06,Lyon,Cable kit,36,882.00,On hold,"Fragile, handle with care"
DSP-00937,2026-05-07,Lille,Cable kit,37,462.50,Dispatched,
DSP-00938,2026-05-08,Nantes,Cable kit,38,513.00,Packed,
DSP-00939,2026-05-09,Bordeaux,Cable kit,39,565.50,On hold,
DSP-00940,2026-05-10,Strasbourg,Cable kit,40,620.00,Dispatched,
DSP-00941,2026-05-11,Lyon,Monitor arm,41,676.50,Packed,
DSP-00942,2026-05-12,Lille,Monitor arm,42,735.00,On hold,
DSP-00943,2026-05-13,Nantes,Monitor arm,43,795.50,Dispatched,
DSP-00944,2026-05-14,Bordeaux,Monitor arm,44,858.00,Packed,
DSP-00945,2026-05-15,Strasbourg,Monitor arm,45,922.50,On hold,
DSP-00946,2026-05-16,Lyon,Packing paper,46,989.00,Dispatched,
DSP-00947,2026-05-17,Lille,Packing paper,47,1057.50,Packed,
DSP-00948,2026-05-18,Nantes,Packing paper,48,1128.00,On hold,
DSP-00949,2026-05-19,Bordeaux,Packing paper,49,1200.50,Dispatched,
DSP-00950,2026-05-20,Strasbourg,Packing paper,50,625.00,Packed,
DSP-00951,2026-05-21,Lyon,Desk lamp,51,688.50,On hold,
DSP-00952,2026-05-22,Lille,Desk lamp,52,754.00,Dispatched,
DSP-00953,2026-05-23,Nantes,Desk lamp,53,821.50,Packed,"Fragile, handle with care"
DSP-00954,2026-05-24,Bordeaux,Desk lamp,54,891.00,On hold,
DSP-00955,2026-05-25,Strasbourg,Desk lamp,55,962.50,Dispatched,
DSP-00956,2026-05-26,Lyon,Storage box,56,1036.00,Packed,
DSP-00957,2026-05-27,Lille,Storage box,57,1111.50,On hold,
DSP-00958,2026-05-28,Nantes,Storage box,58,1189.00,Dispatched,
DSP-00959,2026-05-29,Bordeaux,Storage box,59,1268.50,Packed,
DSP-00960,2026-05-30,Strasbourg,Storage box,60,1350.00,On hold,
DSP-00961,2026-05-31,Lyon,Cable kit,61,1433.50,Dispatched,
DSP-00962,2026-06-01,Lille,Cable kit,62,1519.00,Packed,"Dock 2
Morning delivery"
DSP-00963,2026-06-02,Nantes,Cable kit,63,787.50,On hold,
DSP-00964,2026-06-03,Bordeaux,Cable kit,64,864.00,Dispatched,
DSP-00965,2026-06-04,Strasbourg,Cable kit,65,942.50,Packed,
DSP-00966,2026-06-05,Lyon,Monitor arm,66,1023.00,On hold,
DSP-00967,2026-06-06,Lille,Monitor arm,67,1105.50,Dispatched,
DSP-00968,2026-06-07,Nantes,Monitor arm,68,1190.00,Packed,
DSP-00969,2026-06-08,Bordeaux,Monitor arm,69,1276.50,On hold,
DSP-00970,2026-06-09,Strasbourg,Monitor arm,70,1365.00,Dispatched,"Fragile, handle with care"
DSP-00971,2026-06-10,Lyon,Packing paper,71,1455.50,Packed,
DSP-00972,2026-06-11,Lille,Packing paper,72,1548.00,On hold,
DSP-00973,2026-06-12,Nantes,Packing paper,73,1642.50,Dispatched,
DSP-00974,2026-06-13,Bordeaux,Packing paper,74,1739.00,Packed,
DSP-00975,2026-06-14,Strasbourg,Packing paper,75,1837.50,On hold,
DSP-00976,2026-06-15,Lyon,Desk lamp,76,950.00,Dispatched,
DSP-00977,2026-06-16,Lille,Desk lamp,77,1039.50,Packed,
DSP-00978,2026-06-17,Nantes,Desk lamp,78,1131.00,On hold,
DSP-00979,2026-06-18,Bordeaux,Desk lamp,79,1224.50,Dispatched,
DSP-00980,2026-06-19,Strasbourg,Desk lamp,80,1320.00,Packed,
DSP-00981,2026-06-20,Lyon,Storage box,81,1417.50,On hold,
DSP-00982,2026-06-21,Lille,Storage box,82,1517.00,Dispatched,
DSP-00983,2026-06-22,Nantes,Storage box,83,1618.50,Packed,
DSP-00984,2026-06-23,Bordeaux,Storage box,84,1722.00,On hold,
DSP-00985,2026-06-24,Strasbourg,Storage box,85,1827.50,Dispatched,
DSP-00986,2026-06-25,Lyon,Cable kit,86,1935.00,Packed,
DSP-00987,2026-06-26,Lille,Cable kit,87,2044.50,On hold,"Fragile, handle with care"
DSP-00988,2026-06-27,Nantes,Cable kit,88,2156.00,Dispatched,
DSP-00989,2026-06-28,Bordeaux,Cable kit,89,1112.50,Packed,
DSP-00990,2026-06-29,Strasbourg,Cable kit,90,1215.00,On hold,
DSP-00991,2026-06-30,Lyon,Monitor arm,1,14.50,Dispatched,
DSP-00992,2026-07-01,Lille,Monitor arm,2,31.00,Packed,
DSP-00993,2026-07-02,Nantes,Monitor arm,3,49.50,On hold,"Dock 2
Morning delivery"
DSP-00994,2026-07-03,Bordeaux,Monitor arm,4,70.00,Dispatched,
DSP-00995,2026-07-04,Strasbourg,Monitor arm,5,92.50,Packed,
DSP-00996,2026-07-05,Lyon,Packing paper,6,117.00,On hold,
DSP-00997,2026-07-06,Lille,Packing paper,7,143.50,Dispatched,
DSP-00998,2026-07-07,Nantes,Packing paper,8,172.00,Packed,
DSP-00999,2026-07-08,Bordeaux,Packing paper,9,202.50,On hold,
DSP-01000,2026-07-09,Strasbourg,Packing paper,10,235.00,Dispatched,
DSP-01001,2026-07-10,Lyon,Desk lamp,11,269.50,Packed,
DSP-01002,2026-07-11,Lille,Desk lamp,12,150.00,On hold,
DSP-01003,2026-07-12,Nantes,Desk lamp,13,175.50,Dispatched,
DSP-01004,2026-07-13,Bordeaux,Desk lamp,14,203.00,Packed,"Fragile, handle with care"
DSP-01005,2026-07-14,Strasbourg,Desk lamp,15,232.50,On hold,
DSP-01006,2026-07-15,Lyon,Storage box,16,264.00,Dispatched,
DSP-01007,2026-07-16,Lille,Storage box,17,297.50,Packed,
DSP-01008,2026-07-17,Nantes,Storage box,18,333.00,On hold,
DSP-01009,2026-07-18,Bordeaux,Storage box,19,370.50,Dispatched,
DSP-01010,2026-07-19,Strasbourg,Storage box,20,410.00,Packed,
DSP-01011,2026-07-20,Lyon,Cable kit,21,451.50,On hold,
DSP-01012,2026-07-21,Lille,Cable kit,22,495.00,Dispatched,
DSP-01013,2026-07-22,Nantes,Cable kit,23,540.50,Packed,
DSP-01014,2026-07-23,Bordeaux,Cable kit,24,588.00,On hold,
DSP-01015,2026-07-24,Strasbourg,Cable kit,25,312.50,Dispatched,
DSP-01016,2026-07-25,Lyon,Monitor arm,26,351.00,Packed,
DSP-01017,2026-07-26,Lille,Monitor arm,27,391.50,On hold,
DSP-01018,2026-07-27,Nantes,Monitor arm,28,434.00,Dispatched,
DSP-01019,2026-07-28,Bordeaux,Monitor arm,29,478.50,Packed,
DSP-01020,2026-07-29,Strasbourg,Monitor arm,30,525.00,On hold,
DSP-01021,2026-07-30,Lyon,Packing paper,31,573.50,Dispatched,"Fragile, handle with care"
DSP-01022,2026-07-31,Lille,Packing paper,32,624.00,Packed,
DSP-01023,2026-08-01,Nantes,Packing paper,33,676.50,On hold,
DSP-01024,2026-08-02,Bordeaux,Packing paper,34,731.00,Dispatched,"Dock 2
Morning delivery"
DSP-01025,2026-08-03,Strasbourg,Packing paper,35,787.50,Packed,
DSP-01026,2026-08-04,Lyon,Desk lamp,36,846.00,On hold,
DSP-01027,2026-08-05,Lille,Desk lamp,37,906.50,Dispatched,
DSP-01028,2026-08-06,Nantes,Desk lamp,38,475.00,Packed,
DSP-01029,2026-08-07,Bordeaux,Desk lamp,39,526.50,On hold,
DSP-01030,2026-08-08,Strasbourg,Desk lamp,40,580.00,Dispatched,
DSP-01031,2026-08-09,Lyon,Storage box,41,635.50,Packed,
DSP-01032,2026-08-10,Lille,Storage box,42,693.00,On hold,
DSP-01033,2026-08-11,Nantes,Storage box,43,752.50,Dispatched,
DSP-01034,2026-08-12,Bordeaux,Storage box,44,814.00,Packed,
DSP-01035,2026-08-13,Strasbourg,Storage box,45,877.50,On hold,
DSP-01036,2026-08-14,Lyon,Cable kit,46,943.00,Dispatched,
DSP-01037,2026-08-15,Lille,Cable kit,47,1010.50,Packed,
DSP-01038,2026-08-16,Nantes,Cable kit,48,1080.00,On hold,"Fragile, handle with care"
DSP-01039,2026-08-17,Bordeaux,Cable kit,49,1151.50,Dispatched,
DSP-01040,2026-08-18,Strasbourg,Cable kit,50,1225.00,Packed,
DSP-01041,2026-08-19,Lyon,Monitor arm,51,637.50,On hold,
DSP-01042,2026-08-20,Lille,Monitor arm,52,702.00,Dispatched,
DSP-01043,2026-08-21,Nantes,Monitor arm,53,768.50,Packed,
DSP-01044,2026-08-22,Bordeaux,Monitor arm,54,837.00,On hold,
DSP-01045,2026-08-23,Strasbourg,Monitor arm,55,907.50,Dispatched,
DSP-01046,2026-08-24,Lyon,Packing paper,56,980.00,Packed,
DSP-01047,2026-08-25,Lille,Packing paper,57,1054.50,On hold,
DSP-01048,2026-08-26,Nantes,Packing paper,58,1131.00,Dispatched,
DSP-01049,2026-08-27,Bordeaux,Packing paper,59,1209.50,Packed,
DSP-01050,2026-08-28,Strasbourg,Packing paper,60,1290.00,On hold,
DSP-01051,2026-08-29,Lyon,Desk lamp,61,1372.50,Dispatched,
DSP-01052,2026-08-30,Lille,Desk lamp,62,1457.00,Packed,
DSP-01053,2026-08-31,Nantes,Desk lamp,63,1543.50,On hold,
DSP-01054,2026-09-01,Bordeaux,Desk lamp,64,800.00,Dispatched,
DSP-01055,2026-09-02,Strasbourg,Desk lamp,65,877.50,Packed,"Fragile, handle with care"
DSP-01056,2026-09-03,Lyon,Storage box,66,957.00,On hold,
DSP-01057,2026-09-04,Lille,Storage box,67,1038.50,Dispatched,
DSP-01058,2026-09-05,Nantes,Storage box,68,1122.00,Packed,
DSP-01059,2026-09-06,Bordeaux,Storage box,69,1207.50,On hold,
DSP-01060,2026-09-07,Strasbourg,Storage box,70,1295.00,Dispatched,
DSP-01061,2026-09-08,Lyon,Cable kit,71,1384.50,Packed,
DSP-01062,2026-09-09,Lille,Cable kit,72,1476.00,On hold,
DSP-01063,2026-09-10,Nantes,Cable kit,73,1569.50,Dispatched,
DSP-01064,2026-09-11,Bordeaux,Cable kit,74,1665.00,Packed,
DSP-01065,2026-09-12,Strasbourg,Cable kit,75,1762.50,On hold,
DSP-01066,2026-09-13,Lyon,Monitor arm,76,1862.00,Dispatched,
DSP-01067,2026-09-14,Lille,Monitor arm,77,962.50,Packed,
DSP-01068,2026-09-15,Nantes,Monitor arm,78,1053.00,On hold,
DSP-01069,2026-09-16,Bordeaux,Monitor arm,79,1145.50,Dispatched,
DSP-01070,2026-09-17,Strasbourg,Monitor arm,80,1240.00,Packed,
DSP-01071,2026-09-18,Lyon,Packing paper,81,1336.50,On hold,
DSP-01072,2026-09-19,Lille,Packing paper,82,1435.00,Dispatched,"Fragile, handle with care"
DSP-01073,2026-09-20,Nantes,Packing paper,83,1535.50,Packed,
DSP-01074,2026-09-21,Bordeaux,Packing paper,84,1638.00,On hold,
DSP-01075,2026-09-22,Strasbourg,Packing paper,85,1742.50,Dispatched,
DSP-01076,2026-09-23,Lyon,Desk lamp,86,1849.00,Packed,
DSP-01077,2026-09-24,Lille,Desk lamp,87,1957.50,On hold,
DSP-01078,2026-09-25,Nantes,Desk lamp,88,2068.00,Dispatched,
DSP-01079,2026-09-26,Bordeaux,Desk lamp,89,2180.50,Packed,
DSP-01080,2026-09-27,Strasbourg,Desk lamp,90,1125.00,On hold,
DSP-01081,2026-01-01,Lyon,Storage box,1,13.50,Dispatched,
DSP-01082,2026-01-02,Lille,Storage box,2,29.00,Packed,
DSP-01083,2026-01-03,Nantes,Storage box,3,46.50,On hold,
DSP-01084,2026-01-04,Bordeaux,Storage box,4,66.00,Dispatched,
DSP-01085,2026-01-05,Strasbourg,Storage box,5,87.50,Packed,
DSP-01086,2026-01-06,Lyon,Cable kit,6,111.00,On hold,"Dock 2
Morning delivery"
DSP-01087,2026-01-07,Lille,Cable kit,7,136.50,Dispatched,
DSP-01088,2026-01-08,Nantes,Cable kit,8,164.00,Packed,
DSP-01089,2026-01-09,Bordeaux,Cable kit,9,193.50,On hold,"Fragile, handle with care"
DSP-01090,2026-01-10,Strasbourg,Cable kit,10,225.00,Dispatched,
DSP-01091,2026-01-11,Lyon,Monitor arm,11,258.50,Packed,
DSP-01092,2026-01-12,Lille,Monitor arm,12,294.00,On hold,
DSP-01093,2026-01-13,Nantes,Monitor arm,13,162.50,Dispatched,
DSP-01094,2026-01-14,Bordeaux,Monitor arm,14,189.00,Packed,
DSP-01095,2026-01-15,Strasbourg,Monitor arm,15,217.50,On hold,
DSP-01096,2026-01-16,Lyon,Packing paper,16,248.00,Dispatched,
DSP-01097,2026-01-17,Lille,Packing paper,17,280.50,Packed,
DSP-01098,2026-01-18,Nantes,Packing paper,18,315.00,On hold,
DSP-01099,2026-01-19,Bordeaux,Packing paper,19,351.50,Dispatched,
DSP-01100,2026-01-20,Strasbourg,Packing paper,20,390.00,Packed,
DSP-01101,2026-01-21,Lyon,Desk lamp,21,430.50,On hold,
DSP-01102,2026-01-22,Lille,Desk lamp,22,473.00,Dispatched,
DSP-01103,2026-01-23,Nantes,Desk lamp,23,517.50,Packed,
DSP-01104,2026-01-24,Bordeaux,Desk lamp,24,564.00,On hold,
DSP-01105,2026-01-25,Strasbourg,Desk lamp,25,612.50,Dispatched,
DSP-01106,2026-01-26,Lyon,Storage box,26,325.00,Packed,"Fragile, handle with care"
DSP-01107,2026-01-27,Lille,Storage box,27,364.50,On hold,
DSP-01108,2026-01-28,Nantes,Storage box,28,406.00,Dispatched,
DSP-01109,2026-01-29,Bordeaux,Storage box,29,449.50,Packed,
DSP-01110,2026-01-30,Strasbourg,Storage box,30,495.00,On hold,
DSP-01111,2026-01-31,Lyon,Cable kit,31,542.50,Dispatched,
DSP-01112,2026-02-01,Lille,Cable kit,32,592.00,Packed,
DSP-01113,2026-02-02,Nantes,Cable kit,33,643.50,On hold,
DSP-01114,2026-02-03,Bordeaux,Cable kit,34,697.00,Dispatched,
DSP-01115,2026-02-04,Strasbourg,Cable kit,35,752.50,Packed,
DSP-01116,2026-02-05,Lyon,Monitor arm,36,810.00,On hold,
DSP-01117,2026-02-06,Lille,Monitor arm,37,869.50,Dispatched,"Dock 2
Morning delivery"
DSP-01118,2026-02-07,Nantes,Monitor arm,38,931.00,Packed,
DSP-01119,2026-02-08,Bordeaux,Monitor arm,39,487.50,On hold,
DSP-01120,2026-02-09,Strasbourg,Monitor arm,40,540.00,Dispatched,
DSP-01121,2026-02-10,Lyon,Packing paper,41,594.50,Packed,
DSP-01122,2026-02-11,Lille,Packing paper,42,651.00,On hold,
DSP-01123,2026-02-12,Nantes,Packing paper,43,709.50,Dispatched,"Fragile, handle with care"
DSP-01124,2026-02-13,Bordeaux,Packing paper,44,770.00,Packed,
DSP-01125,2026-02-14,Strasbourg,Packing paper,45,832.50,On hold,
DSP-01126,2026-02-15,Lyon,Desk lamp,46,897.00,Dispatched,
DSP-01127,2026-02-16,Lille,Desk lamp,47,963.50,Packed,
DSP-01128,2026-02-17,Nantes,Desk lamp,48,1032.00,On hold,
DSP-01129,2026-02-18,Bordeaux,Desk lamp,49,1102.50,Dispatched,
DSP-01130,2026-02-19,Strasbourg,Desk lamp,50,1175.00,Packed,
DSP-01131,2026-02-20,Lyon,Storage box,51,1249.50,On hold,
DSP-01132,2026-02-21,Lille,Storage box,52,650.00,Dispatched,
DSP-01133,2026-02-22,Nantes,Storage box,53,715.50,Packed,
DSP-01134,2026-02-23,Bordeaux,Storage box,54,783.00,On hold,
DSP-01135,2026-02-24,Strasbourg,Storage box,55,852.50,Dispatched,
DSP-01136,2026-02-25,Lyon,Cable kit,56,924.00,Packed,
DSP-01137,2026-02-26,Lille,Cable kit,57,997.50,On hold,
DSP-01138,2026-02-27,Nantes,Cable kit,58,1073.00,Dispatched,
DSP-01139,2026-02-28,Bordeaux,Cable kit,59,1150.50,Packed,
DSP-01140,2026-03-01,Strasbourg,Cable kit,60,1230.00,On hold,"Fragile, handle with care"
DSP-01141,2026-03-02,Lyon,Monitor arm,61,1311.50,Dispatched,
DSP-01142,2026-03-03,Lille,Monitor arm,62,1395.00,Packed,
DSP-01143,2026-03-04,Nantes,Monitor arm,63,1480.50,On hold,
DSP-01144,2026-03-05,Bordeaux,Monitor arm,64,1568.00,Dispatched,
DSP-01145,2026-03-06,Strasbourg,Monitor arm,65,812.50,Packed,
DSP-01146,2026-03-07,Lyon,Packing paper,66,891.00,On hold,
DSP-01147,2026-03-08,Lille,Packing paper,67,971.50,Dispatched,
DSP-01148,2026-03-09,Nantes,Packing paper,68,1054.00,Packed,"Dock 2
Morning delivery"
DSP-01149,2026-03-10,Bordeaux,Packing paper,69,1138.50,On hold,
DSP-01150,2026-03-11,Strasbourg,Packing paper,70,1225.00,Dispatched,
DSP-01151,2026-03-12,Lyon,Desk lamp,71,1313.50,Packed,
DSP-01152,2026-03-13,Lille,Desk lamp,72,1404.00,On hold,
DSP-01153,2026-03-14,Nantes,Desk lamp,73,1496.50,Dispatched,
DSP-01154,2026-03-15,Bordeaux,Desk lamp,74,1591.00,Packed,
DSP-01155,2026-03-16,Strasbourg,Desk lamp,75,1687.50,On hold,
DSP-01156,2026-03-17,Lyon,Storage box,76,1786.00,Dispatched,
DSP-01157,2026-03-18,Lille,Storage box,77,1886.50,Packed,"Fragile, handle with care"
DSP-01158,2026-03-19,Nantes,Storage box,78,975.00,On hold,
DSP-01159,2026-03-20,Bordeaux,Storage box,79,1066.50,Dispatched,
DSP-01160,2026-03-21,Strasbourg,Storage box,80,1160.00,Packed,
DSP-01161,2026-03-22,Lyon,Cable kit,81,1255.50,On hold,
DSP-01162,2026-03-23,Lille,Cable kit,82,1353.00,Dispatched,
DSP-01163,2026-03-24,Nantes,Cable kit,83,1452.50,Packed,
DSP-01164,2026-03-25,Bordeaux,Cable kit,84,1554.00,On hold,
DSP-01165,2026-03-26,Strasbourg,Cable kit,85,1657.50,Dispatched,
DSP-01166,2026-03-27,Lyon,Monitor arm,86,1763.00,Packed,
DSP-01167,2026-03-28,Lille,Monitor arm,87,1870.50,On hold,
DSP-01168,2026-03-29,Nantes,Monitor arm,88,1980.00,Dispatched,
DSP-01169,2026-03-30,Bordeaux,Monitor arm,89,2091.50,Packed,
DSP-01170,2026-03-31,Strasbourg,Monitor arm,90,2205.00,On hold,
DSP-01171,2026-04-01,Lyon,Packing paper,1,12.50,Dispatched,
DSP-01172,2026-04-02,Lille,Packing paper,2,27.00,Packed,
DSP-01173,2026-04-03,Nantes,Packing paper,3,43.50,On hold,
DSP-01174,2026-04-04,Bordeaux,Packing paper,4,62.00,Dispatched,"Fragile, handle with care"
DSP-01175,2026-04-05,Strasbourg,Packing paper,5,82.50,Packed,
DSP-01176,2026-04-06,Lyon,Desk lamp,6,105.00,On hold,
DSP-01177,2026-04-07,Lille,Desk lamp,7,129.50,Dispatched,
DSP-01178,2026-04-08,Nantes,Desk lamp,8,156.00,Packed,
DSP-01179,2026-04-09,Bordeaux,Desk lamp,9,184.50,On hold,"Dock 2
Morning delivery"
DSP-01180,2026-04-10,Strasbourg,Desk lamp,10,215.00,Dispatched,
DSP-01181,2026-04-11,Lyon,Storage box,11,247.50,Packed,
DSP-01182,2026-04-12,Lille,Storage box,12,282.00,On hold,
DSP-01183,2026-04-13,Nantes,Storage box,13,318.50,Dispatched,
DSP-01184,2026-04-14,Bordeaux,Storage box,14,175.00,Packed,
DSP-01185,2026-04-15,Strasbourg,Storage box,15,202.50,On hold,
DSP-01186,2026-04-16,Lyon,Cable kit,16,232.00,Dispatched,
DSP-01187,2026-04-17,Lille,Cable kit,17,263.50,Packed,
DSP-01188,2026-04-18,Nantes,Cable kit,18,297.00,On hold,
DSP-01189,2026-04-19,Bordeaux,Cable kit,19,332.50,Dispatched,
DSP-01190,2026-04-20,Strasbourg,Cable kit,20,370.00,Packed,
DSP-01191,2026-04-21,Lyon,Monitor arm,21,409.50,On hold,"Fragile, handle with care"
DSP-01192,2026-04-22,Lille,Monitor arm,22,451.00,Dispatched,
DSP-01193,2026-04-23,Nantes,Monitor arm,23,494.50,Packed,
DSP-01194,2026-04-24,Bordeaux,Monitor arm,24,540.00,On hold,
DSP-01195,2026-04-25,Strasbourg,Monitor arm,25,587.50,Dispatched,
DSP-01196,2026-04-26,Lyon,Packing paper,26,637.00,Packed,
DSP-01197,2026-04-27,Lille,Packing paper,27,337.50,On hold,
DSP-01198,2026-04-28,Nantes,Packing paper,28,378.00,Dispatched,
DSP-01199,2026-04-29,Bordeaux,Packing paper,29,420.50,Packed,
DSP-01200,2026-04-30,Strasbourg,Packing paper,30,465.00,On hold,
DSP-01201,2026-05-01,Lyon,Desk lamp,31,511.50,Dispatched,
DSP-01202,2026-05-02,Lille,Desk lamp,32,560.00,Packed,
DSP-01203,2026-05-03,Nantes,Desk lamp,33,610.50,On hold,
DSP-01204,2026-05-04,Bordeaux,Desk lamp,34,663.00,Dispatched,
DSP-01205,2026-05-05,Strasbourg,Desk lamp,35,717.50,Packed,
DSP-01206,2026-05-06,Lyon,Storage box,36,774.00,On hold,
DSP-01207,2026-05-07,Lille,Storage box,37,832.50,Dispatched,
DSP-01208,2026-05-08,Nantes,Storage box,38,893.00,Packed,"Fragile, handle with care"
DSP-01209,2026-05-09,Bordeaux,Storage box,39,955.50,On hold,
DSP-01210,2026-05-10,Strasbourg,Storage box,40,500.00,Dispatched,"Dock 2
Morning delivery"
DSP-01211,2026-05-11,Lyon,Cable kit,41,553.50,Packed,
DSP-01212,2026-05-12,Lille,Cable kit,42,609.00,On hold,
DSP-01213,2026-05-13,Nantes,Cable kit,43,666.50,Dispatched,
DSP-01214,2026-05-14,Bordeaux,Cable kit,44,726.00,Packed,
DSP-01215,2026-05-15,Strasbourg,Cable kit,45,787.50,On hold,
DSP-01216,2026-05-16,Lyon,Monitor arm,46,851.00,Dispatched,
DSP-01217,2026-05-17,Lille,Monitor arm,47,916.50,Packed,
DSP-01218,2026-05-18,Nantes,Monitor arm,48,984.00,On hold,
DSP-01219,2026-05-19,Bordeaux,Monitor arm,49,1053.50,Dispatched,
DSP-01220,2026-05-20,Strasbourg,Monitor arm,50,1125.00,Packed,
DSP-01221,2026-05-21,Lyon,Packing paper,51,1198.50,On hold,
DSP-01222,2026-05-22,Lille,Packing paper,52,1274.00,Dispatched,
DSP-01223,2026-05-23,Nantes,Packing paper,53,662.50,Packed,
DSP-01224,2026-05-24,Bordeaux,Packing paper,54,729.00,On hold,
DSP-01225,2026-05-25,Strasbourg,Packing paper,55,797.50,Dispatched,"Fragile, handle with care"
DSP-01226,2026-05-26,Lyon,Desk lamp,56,868.00,Packed,
DSP-01227,2026-05-27,Lille,Desk lamp,57,940.50,On hold,
DSP-01228,2026-05-28,Nantes,Desk lamp,58,1015.00,Dispatched,
DSP-01229,2026-05-29,Bordeaux,Desk lamp,59,1091.50,Packed,
DSP-01230,2026-05-30,Strasbourg,Desk lamp,60,1170.00,On hold,
DSP-01231,2026-05-31,Lyon,Storage box,61,1250.50,Dispatched,
DSP-01232,2026-06-01,Lille,Storage box,62,1333.00,Packed,
DSP-01233,2026-06-02,Nantes,Storage box,63,1417.50,On hold,
DSP-01234,2026-06-03,Bordeaux,Storage box,64,1504.00,Dispatched,
DSP-01235,2026-06-04,Strasbourg,Storage box,65,1592.50,Packed,
DSP-01236,2026-06-05,Lyon,Cable kit,66,825.00,On hold,
DSP-01237,2026-06-06,Lille,Cable kit,67,904.50,Dispatched,
DSP-01238,2026-06-07,Nantes,Cable kit,68,986.00,Packed,
DSP-01239,2026-06-08,Bordeaux,Cable kit,69,1069.50,On hold,
DSP-01240,2026-06-09,Strasbourg,Cable kit,70,1155.00,Dispatched,
DSP-01241,2026-06-10,Lyon,Monitor arm,71,1242.50,Packed,"Dock 2
Morning delivery"
DSP-01242,2026-06-11,Lille,Monitor arm,72,1332.00,On hold,"Fragile, handle with care"
DSP-01243,2026-06-12,Nantes,Monitor arm,73,1423.50,Dispatched,
DSP-01244,2026-06-13,Bordeaux,Monitor arm,74,1517.00,Packed,
DSP-01245,2026-06-14,Strasbourg,Monitor arm,75,1612.50,On hold,
DSP-01246,2026-06-15,Lyon,Packing paper,76,1710.00,Dispatched,
DSP-01247,2026-06-16,Lille,Packing paper,77,1809.50,Packed,
DSP-01248,2026-06-17,Nantes,Packing paper,78,1911.00,On hold,
DSP-01249,2026-06-18,Bordeaux,Packing paper,79,987.50,Dispatched,
DSP-01250,2026-06-19,Strasbourg,Packing paper,80,1080.00,Packed,
DSP-01251,2026-06-20,Lyon,Desk lamp,81,1174.50,On hold,
DSP-01252,2026-06-21,Lille,Desk lamp,82,1271.00,Dispatched,
DSP-01253,2026-06-22,Nantes,Desk lamp,83,1369.50,Packed,
DSP-01254,2026-06-23,Bordeaux,Desk lamp,84,1470.00,On hold,
DSP-01255,2026-06-24,Strasbourg,Desk lamp,85,1572.50,Dispatched,
DSP-01256,2026-06-25,Lyon,Storage box,86,1677.00,Packed,
DSP-01257,2026-06-26,Lille,Storage box,87,1783.50,On hold,
DSP-01258,2026-06-27,Nantes,Storage box,88,1892.00,Dispatched,
DSP-01259,2026-06-28,Bordeaux,Storage box,89,2002.50,Packed,"Fragile, handle with care"
DSP-01260,2026-06-29,Strasbourg,Storage box,90,2115.00,On hold,
DSP-01261,2026-06-30,Lyon,Cable kit,1,24.50,Dispatched,
DSP-01262,2026-07-01,Lille,Cable kit,2,25.00,Packed,
DSP-01263,2026-07-02,Nantes,Cable kit,3,40.50,On hold,
DSP-01264,2026-07-03,Bordeaux,Cable kit,4,58.00,Dispatched,
DSP-01265,2026-07-04,Strasbourg,Cable kit,5,77.50,Packed,
DSP-01266,2026-07-05,Lyon,Monitor arm,6,99.00,On hold,
DSP-01267,2026-07-06,Lille,Monitor arm,7,122.50,Dispatched,
DSP-01268,2026-07-07,Nantes,Monitor arm,8,148.00,Packed,
DSP-01269,2026-07-08,Bordeaux,Monitor arm,9,175.50,On hold,
DSP-01270,2026-07-09,Strasbourg,Monitor arm,10,205.00,Dispatched,
DSP-01271,2026-07-10,Lyon,Packing paper,11,236.50,Packed,
DSP-01272,2026-07-11,Lille,Packing paper,12,270.00,On hold,"Dock 2
Morning delivery"
DSP-01273,2026-07-12,Nantes,Packing paper,13,305.50,Dispatched,
DSP-01274,2026-07-13,Bordeaux,Packing paper,14,343.00,Packed,
DSP-01275,2026-07-14,Strasbourg,Packing paper,15,187.50,On hold,
DSP-01276,2026-07-15,Lyon,Desk lamp,16,216.00,Dispatched,"Fragile, handle with care"
DSP-01277,2026-07-16,Lille,Desk lamp,17,246.50,Packed,
DSP-01278,2026-07-17,Nantes,Desk lamp,18,279.00,On hold,
DSP-01279,2026-07-18,Bordeaux,Desk lamp,19,313.50,Dispatched,
DSP-01280,2026-07-19,Strasbourg,Desk lamp,20,350.00,Packed,
DSP-01281,2026-07-20,Lyon,Storage box,21,388.50,On hold,
DSP-01282,2026-07-21,Lille,Storage box,22,429.00,Dispatched,
DSP-01283,2026-07-22,Nantes,Storage box,23,471.50,Packed,
DSP-01284,2026-07-23,Bordeaux,Storage box,24,516.00,On hold,
DSP-01285,2026-07-24,Strasbourg,Storage box,25,562.50,Dispatched,
DSP-01286,2026-07-25,Lyon,Cable kit,26,611.00,Packed,
DSP-01287,2026-07-26,Lille,Cable kit,27,661.50,On hold,
DSP-01288,2026-07-27,Nantes,Cable kit,28,350.00,Dispatched,
DSP-01289,2026-07-28,Bordeaux,Cable kit,29,391.50,Packed,
DSP-01290,2026-07-29,Strasbourg,Cable kit,30,435.00,On hold,
DSP-01291,2026-07-30,Lyon,Monitor arm,31,480.50,Dispatched,
DSP-01292,2026-07-31,Lille,Monitor arm,32,528.00,Packed,
DSP-01293,2026-08-01,Nantes,Monitor arm,33,577.50,On hold,"Fragile, handle with care"
DSP-01294,2026-08-02,Bordeaux,Monitor arm,34,629.00,Dispatched,
DSP-01295,2026-08-03,Strasbourg,Monitor arm,35,682.50,Packed,
DSP-01296,2026-08-04,Lyon,Packing paper,36,738.00,On hold,
DSP-01297,2026-08-05,Lille,Packing paper,37,795.50,Dispatched,
DSP-01298,2026-08-06,Nantes,Packing paper,38,855.00,Packed,
DSP-01299,2026-08-07,Bordeaux,Packing paper,39,916.50,On hold,
DSP-01300,2026-08-08,Strasbourg,Packing paper,40,980.00,Dispatched,
DSP-01301,2026-08-09,Lyon,Desk lamp,41,512.50,Packed,
DSP-01302,2026-08-10,Lille,Desk lamp,42,567.00,On hold,
DSP-01303,2026-08-11,Nantes,Desk lamp,43,623.50,Dispatched,"Dock 2
Morning delivery"
DSP-01304,2026-08-12,Bordeaux,Desk lamp,44,682.00,Packed,
DSP-01305,2026-08-13,Strasbourg,Desk lamp,45,742.50,On hold,
DSP-01306,2026-08-14,Lyon,Storage box,46,805.00,Dispatched,
DSP-01307,2026-08-15,Lille,Storage box,47,869.50,Packed,
DSP-01308,2026-08-16,Nantes,Storage box,48,936.00,On hold,
DSP-01309,2026-08-17,Bordeaux,Storage box,49,1004.50,Dispatched,
DSP-01310,2026-08-18,Strasbourg,Storage box,50,1075.00,Packed,"Fragile, handle with care"
DSP-01311,2026-08-19,Lyon,Cable kit,51,1147.50,On hold,
DSP-01312,2026-08-20,Lille,Cable kit,52,1222.00,Dispatched,
DSP-01313,2026-08-21,Nantes,Cable kit,53,1298.50,Packed,
DSP-01314,2026-08-22,Bordeaux,Cable kit,54,675.00,On hold,
DSP-01315,2026-08-23,Strasbourg,Cable kit,55,742.50,Dispatched,
DSP-01316,2026-08-24,Lyon,Monitor arm,56,812.00,Packed,
DSP-01317,2026-08-25,Lille,Monitor arm,57,883.50,On hold,
DSP-01318,2026-08-26,Nantes,Monitor arm,58,957.00,Dispatched,
DSP-01319,2026-08-27,Bordeaux,Monitor arm,59,1032.50,Packed,
DSP-01320,2026-08-28,Strasbourg,Monitor arm,60,1110.00,On hold,
DSP-01321,2026-08-29,Lyon,Packing paper,61,1189.50,Dispatched,
DSP-01322,2026-08-30,Lille,Packing paper,62,1271.00,Packed,
DSP-01323,2026-08-31,Nantes,Packing paper,63,1354.50,On hold,
DSP-01324,2026-09-01,Bordeaux,Packing paper,64,1440.00,Dispatched,
DSP-01325,2026-09-02,Strasbourg,Packing paper,65,1527.50,Packed,
DSP-01326,2026-09-03,Lyon,Desk lamp,66,1617.00,On hold,
DSP-01327,2026-09-04,Lille,Desk lamp,67,837.50,Dispatched,"Fragile, handle with care"
DSP-01328,2026-09-05,Nantes,Desk lamp,68,918.00,Packed,
DSP-01329,2026-09-06,Bordeaux,Desk lamp,69,1000.50,On hold,
DSP-01330,2026-09-07,Strasbourg,Desk lamp,70,1085.00,Dispatched,
DSP-01331,2026-09-08,Lyon,Storage box,71,1171.50,Packed,
DSP-01332,2026-09-09,Lille,Storage box,72,1260.00,On hold,
DSP-01333,2026-09-10,Nantes,Storage box,73,1350.50,Dispatched,
DSP-01334,2026-09-11,Bordeaux,Storage box,74,1443.00,Packed,"Dock 2
Morning delivery"
DSP-01335,2026-09-12,Strasbourg,Storage box,75,1537.50,On hold,
DSP-01336,2026-09-13,Lyon,Cable kit,76,1634.00,Dispatched,
DSP-01337,2026-09-14,Lille,Cable kit,77,1732.50,Packed,
DSP-01338,2026-09-15,Nantes,Cable kit,78,1833.00,On hold,
DSP-01339,2026-09-16,Bordeaux,Cable kit,79,1935.50,Dispatched,
DSP-01340,2026-09-17,Strasbourg,Cable kit,80,1000.00,Packed,
DSP-01341,2026-09-18,Lyon,Monitor arm,81,1093.50,On hold,
DSP-01342,2026-09-19,Lille,Monitor arm,82,1189.00,Dispatched,
DSP-01343,2026-09-20,Nantes,Monitor arm,83,1286.50,Packed,
DSP-01344,2026-09-21,Bordeaux,Monitor arm,84,1386.00,On hold,"Fragile, handle with care"
DSP-01345,2026-09-22,Strasbourg,Monitor arm,85,1487.50,Dispatched,
DSP-01346,2026-09-23,Lyon,Packing paper,86,1591.00,Packed,
DSP-01347,2026-09-24,Lille,Packing paper,87,1696.50,On hold,
DSP-01348,2026-09-25,Nantes,Packing paper,88,1804.00,Dispatched,
DSP-01349,2026-09-26,Bordeaux,Packing paper,89,1913.50,Packed,
DSP-01350,2026-09-27,Strasbourg,Packing paper,90,2025.00,On hold,
DSP-01351,2026-01-01,Lyon,Desk lamp,1,23.50,Dispatched,
DSP-01352,2026-01-02,Lille,Desk lamp,2,49.00,Packed,
DSP-01353,2026-01-03,Nantes,Desk lamp,3,37.50,On hold,
DSP-01354,2026-01-04,Bordeaux,Desk lamp,4,54.00,Dispatched,
DSP-01355,2026-01-05,Strasbourg,Desk lamp,5,72.50,Packed,
DSP-01356,2026-01-06,Lyon,Storage box,6,93.00,On hold,
DSP-01357,2026-01-07,Lille,Storage box,7,115.50,Dispatched,
DSP-01358,2026-01-08,Nantes,Storage box,8,140.00,Packed,
DSP-01359,2026-01-09,Bordeaux,Storage box,9,166.50,On hold,
DSP-01360,2026-01-10,Strasbourg,Storage box,10,195.00,Dispatched,
DSP-01361,2026-01-11,Lyon,Cable kit,11,225.50,Packed,"Fragile, handle with care"
DSP-01362,2026-01-12,Lille,Cable kit,12,258.00,On hold,
DSP-01363,2026-01-13,Nantes,Cable kit,13,292.50,Dispatched,
DSP-01364,2026-01-14,Bordeaux,Cable kit,14,329.00,Packed,
DSP-01365,2026-01-15,Strasbourg,Cable kit,15,367.50,On hold,"Dock 2
Morning delivery"
DSP-01366,2026-01-16,Lyon,Monitor arm,16,200.00,Dispatched,
DSP-01367,2026-01-17,Lille,Monitor arm,17,229.50,Packed,
DSP-01368,2026-01-18,Nantes,Monitor arm,18,261.00,On hold,
DSP-01369,2026-01-19,Bordeaux,Monitor arm,19,294.50,Dispatched,
DSP-01370,2026-01-20,Strasbourg,Monitor arm,20,330.00,Packed,
DSP-01371,2026-01-21,Lyon,Packing paper,21,367.50,On hold,
DSP-01372,2026-01-22,Lille,Packing paper,22,407.00,Dispatched,
DSP-01373,2026-01-23,Nantes,Packing paper,23,448.50,Packed,
DSP-01374,2026-01-24,Bordeaux,Packing paper,24,492.00,On hold,
DSP-01375,2026-01-25,Strasbourg,Packing paper,25,537.50,Dispatched,
DSP-01376,2026-01-26,Lyon,Desk lamp,26,585.00,Packed,
DSP-01377,2026-01-27,Lille,Desk lamp,27,634.50,On hold,
DSP-01378,2026-01-28,Nantes,Desk lamp,28,686.00,Dispatched,"Fragile, handle with care"
DSP-01379,2026-01-29,Bordeaux,Desk lamp,29,362.50,Packed,
DSP-01380,2026-01-30,Strasbourg,Desk lamp,30,405.00,On hold,
DSP-01381,2026-01-31,Lyon,Storage box,31,449.50,Dispatched,
DSP-01382,2026-02-01,Lille,Storage box,32,496.00,Packed,
DSP-01383,2026-02-02,Nantes,Storage box,33,544.50,On hold,
DSP-01384,2026-02-03,Bordeaux,Storage box,34,595.00,Dispatched,
DSP-01385,2026-02-04,Strasbourg,Storage box,35,647.50,Packed,
DSP-01386,2026-02-05,Lyon,Cable kit,36,702.00,On hold,
DSP-01387,2026-02-06,Lille,Cable kit,37,758.50,Dispatched,
DSP-01388,2026-02-07,Nantes,Cable kit,38,817.00,Packed,
DSP-01389,2026-02-08,Bordeaux,Cable kit,39,877.50,On hold,
DSP-01390,2026-02-09,Strasbourg,Cable kit,40,940.00,Dispatched,
DSP-01391,2026-02-10,Lyon,Monitor arm,41,1004.50,Packed,
DSP-01392,2026-02-11,Lille,Monitor arm,42,525.00,On hold,
DSP-01393,2026-02-12,Nantes,Monitor arm,43,580.50,Dispatched,
DSP-01394,2026-02-13,Bordeaux,Monitor arm,44,638.00,Packed,
DSP-01395,2026-02-14,Strasbourg,Monitor arm,45,697.50,On hold,"Fragile, handle with care"
DSP-01396,2026-02-15,Lyon,Packing paper,46,759.00,Dispatched,"Dock 2
Morning delivery"
DSP-01397,2026-02-16,Lille,Packing paper,47,822.50,Packed,
DSP-01398,2026-02-17,Nantes,Packing paper,48,888.00,On hold,
DSP-01399,2026-02-18,Bordeaux,Packing paper,49,955.50,Dispatched,
DSP-01400,2026-02-19,Strasbourg,Packing paper,50,1025.00,Packed,
DSP-01401,2026-02-20,Lyon,Desk lamp,51,1096.50,On hold,
DSP-01402,2026-02-21,Lille,Desk lamp,52,1170.00,Dispatched,
DSP-01403,2026-02-22,Nantes,Desk lamp,53,1245.50,Packed,
DSP-01404,2026-02-23,Bordeaux,Desk lamp,54,1323.00,On hold,
DSP-01405,2026-02-24,Strasbourg,Desk lamp,55,687.50,Dispatched,
DSP-01406,2026-02-25,Lyon,Storage box,56,756.00,Packed,
DSP-01407,2026-02-26,Lille,Storage box,57,826.50,On hold,
DSP-01408,2026-02-27,Nantes,Storage box,58,899.00,Dispatched,
DSP-01409,2026-02-28,Bordeaux,Storage box,59,973.50,Packed,
DSP-01410,2026-03-01,Strasbourg,Storage box,60,1050.00,On hold,
DSP-01411,2026-03-02,Lyon,Cable kit,61,1128.50,Dispatched,
DSP-01412,2026-03-03,Lille,Cable kit,62,1209.00,Packed,"Fragile, handle with care"
DSP-01413,2026-03-04,Nantes,Cable kit,63,1291.50,On hold,
DSP-01414,2026-03-05,Bordeaux,Cable kit,64,1376.00,Dispatched,
DSP-01415,2026-03-06,Strasbourg,Cable kit,65,1462.50,Packed,
DSP-01416,2026-03-07,Lyon,Monitor arm,66,1551.00,On hold,
DSP-01417,2026-03-08,Lille,Monitor arm,67,1641.50,Dispatched,
DSP-01418,2026-03-09,Nantes,Monitor arm,68,850.00,Packed,
DSP-01419,2026-03-10,Bordeaux,Monitor arm,69,931.50,On hold,
DSP-01420,2026-03-11,Strasbourg,Monitor arm,70,1015.00,Dispatched,
DSP-01421,2026-03-12,Lyon,Packing paper,71,1100.50,Packed,
DSP-01422,2026-03-13,Lille,Packing paper,72,1188.00,On hold,
DSP-01423,2026-03-14,Nantes,Packing paper,73,1277.50,Dispatched,
DSP-01424,2026-03-15,Bordeaux,Packing paper,74,1369.00,Packed,
DSP-01425,2026-03-16,Strasbourg,Packing paper,75,1462.50,On hold,
DSP-01426,2026-03-17,Lyon,Desk lamp,76,1558.00,Dispatched,
DSP-01427,2026-03-18,Lille,Desk lamp,77,1655.50,Packed,"Dock 2
Morning delivery"
DSP-01428,2026-03-19,Nantes,Desk lamp,78,1755.00,On hold,
DSP-01429,2026-03-20,Bordeaux,Desk lamp,79,1856.50,Dispatched,"Fragile, handle with care"
DSP-01430,2026-03-21,Strasbourg,Desk lamp,80,1960.00,Packed,
DSP-01431,2026-03-22,Lyon,Storage box,81,1012.50,On hold,
DSP-01432,2026-03-23,Lille,Storage box,82,1107.00,Dispatched,
DSP-01433,2026-03-24,Nantes,Storage box,83,1203.50,Packed,
DSP-01434,2026-03-25,Bordeaux,Storage box,84,1302.00,On hold,
DSP-01435,2026-03-26,Strasbourg,Storage box,85,1402.50,Dispatched,
DSP-01436,2026-03-27,Lyon,Cable kit,86,1505.00,Packed,
DSP-01437,2026-03-28,Lille,Cable kit,87,1609.50,On hold,
DSP-01438,2026-03-29,Nantes,Cable kit,88,1716.00,Dispatched,
DSP-01439,2026-03-30,Bordeaux,Cable kit,89,1824.50,Packed,
DSP-01440,2026-03-31,Strasbourg,Cable kit,90,1935.00,On hold,
DSP-01441,2026-04-01,Lyon,Monitor arm,1,22.50,Dispatched,
DSP-01442,2026-04-02,Lille,Monitor arm,2,47.00,Packed,
DSP-01443,2026-04-03,Nantes,Monitor arm,3,73.50,On hold,
DSP-01444,2026-04-04,Bordeaux,Monitor arm,4,50.00,Dispatched,
DSP-01445,2026-04-05,Strasbourg,Monitor arm,5,67.50,Packed,
DSP-01446,2026-04-06,Lyon,Packing paper,6,87.00,On hold,"Fragile, handle with care"
DSP-01447,2026-04-07,Lille,Packing paper,7,108.50,Dispatched,
DSP-01448,2026-04-08,Nantes,Packing paper,8,132.00,Packed,
DSP-01449,2026-04-09,Bordeaux,Packing paper,9,157.50,On hold,
DSP-01450,2026-04-10,Strasbourg,Packing paper,10,185.00,Dispatched,
DSP-01451,2026-04-11,Lyon,Desk lamp,11,214.50,Packed,
DSP-01452,2026-04-12,Lille,Desk lamp,12,246.00,On hold,
DSP-01453,2026-04-13,Nantes,Desk lamp,13,279.50,Dispatched,
DSP-01454,2026-04-14,Bordeaux,Desk lamp,14,315.00,Packed,
DSP-01455,2026-04-15,Strasbourg,Desk lamp,15,352.50,On hold,
DSP-01456,2026-04-16,Lyon,Storage box,16,392.00,Dispatched,
DSP-01457,2026-04-17,Lille,Storage box,17,212.50,Packed,
DSP-01458,2026-04-18,Nantes,Storage box,18,243.00,On hold,"Dock 2
Morning delivery"
DSP-01459,2026-04-19,Bordeaux,Storage box,19,275.50,Dispatched,
DSP-01460,2026-04-20,Strasbourg,Storage box,20,310.00,Packed,
DSP-01461,2026-04-21,Lyon,Cable kit,21,346.50,On hold,
DSP-01462,2026-04-22,Lille,Cable kit,22,385.00,Dispatched,
DSP-01463,2026-04-23,Nantes,Cable kit,23,425.50,Packed,"Fragile, handle with care"
DSP-01464,2026-04-24,Bordeaux,Cable kit,24,468.00,On hold,
DSP-01465,2026-04-25,Strasbourg,Cable kit,25,512.50,Dispatched,
DSP-01466,2026-04-26,Lyon,Monitor arm,26,559.00,Packed,
DSP-01467,2026-04-27,Lille,Monitor arm,27,607.50,On hold,
DSP-01468,2026-04-28,Nantes,Monitor arm,28,658.00,Dispatched,
DSP-01469,2026-04-29,Bordeaux,Monitor arm,29,710.50,Packed,
DSP-01470,2026-04-30,Strasbourg,Monitor arm,30,375.00,On hold,
DSP-01471,2026-05-01,Lyon,Packing paper,31,418.50,Dispatched,
DSP-01472,2026-05-02,Lille,Packing paper,32,464.00,Packed,
DSP-01473,2026-05-03,Nantes,Packing paper,33,511.50,On hold,
DSP-01474,2026-05-04,Bordeaux,Packing paper,34,561.00,Dispatched,
DSP-01475,2026-05-05,Strasbourg,Packing paper,35,612.50,Packed,
DSP-01476,2026-05-06,Lyon,Desk lamp,36,666.00,On hold,
DSP-01477,2026-05-07,Lille,Desk lamp,37,721.50,Dispatched,
DSP-01478,2026-05-08,Nantes,Desk lamp,38,779.00,Packed,
DSP-01479,2026-05-09,Bordeaux,Desk lamp,39,838.50,On hold,
DSP-01480,2026-05-10,Strasbourg,Desk lamp,40,900.00,Dispatched,"Fragile, handle with care"
DSP-01481,2026-05-11,Lyon,Storage box,41,963.50,Packed,
DSP-01482,2026-05-12,Lille,Storage box,42,1029.00,On hold,
DSP-01483,2026-05-13,Nantes,Storage box,43,537.50,Dispatched,
DSP-01484,2026-05-14,Bordeaux,Storage box,44,594.00,Packed,
DSP-01485,2026-05-15,Strasbourg,Storage box,45,652.50,On hold,
DSP-01486,2026-05-16,Lyon,Cable kit,46,713.00,Dispatched,
DSP-01487,2026-05-17,Lille,Cable kit,47,775.50,Packed,
DSP-01488,2026-05-18,Nantes,Cable kit,48,840.00,On hold,
DSP-01489,2026-05-19,Bordeaux,Cable kit,49,906.50,Dispatched,"Dock 2
Morning delivery"
DSP-01490,2026-05-20,Strasbourg,Cable kit,50,975.00,Packed,
DSP-01491,2026-05-21,Lyon,Monitor arm,51,1045.50,On hold,
DSP-01492,2026-05-22,Lille,Monitor arm,52,1118.00,Dispatched,
DSP-01493,2026-05-23,Nantes,Monitor arm,53,1192.50,Packed,
DSP-01494,2026-05-24,Bordeaux,Monitor arm,54,1269.00,On hold,
DSP-01495,2026-05-25,Strasbourg,Monitor arm,55,1347.50,Dispatched,
DSP-01496,2026-05-26,Lyon,Packing paper,56,700.00,Packed,
DSP-01497,2026-05-27,Lille,Packing paper,57,769.50,On hold,"Fragile, handle with care"
DSP-01498,2026-05-28,Nantes,Packing paper,58,841.00,Dispatched,
DSP-01499,2026-05-29,Bordeaux,Packing paper,59,914.50,Packed,
DSP-01500,2026-05-30,Strasbourg,Packing paper,60,990.00,On hold,
DSP-01501,2026-05-31,Lyon,Desk lamp,61,1067.50,Dispatched,
DSP-01502,2026-06-01,Lille,Desk lamp,62,1147.00,Packed,
DSP-01503,2026-06-02,Nantes,Desk lamp,63,1228.50,On hold,
DSP-01504,2026-06-03,Bordeaux,Desk lamp,64,1312.00,Dispatched,
DSP-01505,2026-06-04,Strasbourg,Desk lamp,65,1397.50,Packed,
DSP-01506,2026-06-05,Lyon,Storage box,66,1485.00,On hold,
DSP-01507,2026-06-06,Lille,Storage box,67,1574.50,Dispatched,
DSP-01508,2026-06-07,Nantes,Storage box,68,1666.00,Packed,
DSP-01509,2026-06-08,Bordeaux,Storage box,69,862.50,On hold,
DSP-01510,2026-06-09,Strasbourg,Storage box,70,945.00,Dispatched,
DSP-01511,2026-06-10,Lyon,Cable kit,71,1029.50,Packed,
DSP-01512,2026-06-11,Lille,Cable kit,72,1116.00,On hold,
DSP-01513,2026-06-12,Nantes,Cable kit,73,1204.50,Dispatched,
DSP-01514,2026-06-13,Bordeaux,Cable kit,74,1295.00,Packed,"Fragile, handle with care"
DSP-01515,2026-06-14,Strasbourg,Cable kit,75,1387.50,On hold,
DSP-01516,2026-06-15,Lyon,Monitor arm,76,1482.00,Dispatched,
DSP-01517,2026-06-16,Lille,Monitor arm,77,1578.50,Packed,
DSP-01518,2026-06-17,Nantes,Monitor arm,78,1677.00,On hold,
DSP-01519,2026-06-18,Bordeaux,Monitor arm,79,1777.50,Dispatched,
DSP-01520,2026-06-19,Strasbourg,Monitor arm,80,1880.00,Packed,"Dock 2
Morning delivery"
DSP-01521,2026-06-20,Lyon,Packing paper,81,1984.50,On hold,
DSP-01522,2026-06-21,Lille,Packing paper,82,1025.00,Dispatched,
DSP-01523,2026-06-22,Nantes,Packing paper,83,1120.50,Packed,
DSP-01524,2026-06-23,Bordeaux,Packing paper,84,1218.00,On hold,
DSP-01525,2026-06-24,Strasbourg,Packing paper,85,1317.50,Dispatched,
DSP-01526,2026-06-25,Lyon,Desk lamp,86,1419.00,Packed,
DSP-01527,2026-06-26,Lille,Desk lamp,87,1522.50,On hold,
DSP-01528,2026-06-27,Nantes,Desk lamp,88,1628.00,Dispatched,
DSP-01529,2026-06-28,Bordeaux,Desk lamp,89,1735.50,Packed,
DSP-01530,2026-06-29,Strasbourg,Desk lamp,90,1845.00,On hold,
DSP-01531,2026-06-30,Lyon,Storage box,1,21.50,Dispatched,"Fragile, handle with care"
DSP-01532,2026-07-01,Lille,Storage box,2,45.00,Packed,
DSP-01533,2026-07-02,Nantes,Storage box,3,70.50,On hold,
DSP-01534,2026-07-03,Bordeaux,Storage box,4,98.00,Dispatched,
DSP-01535,2026-07-04,Strasbourg,Storage box,5,62.50,Packed,
DSP-01536,2026-07-05,Lyon,Cable kit,6,81.00,On hold,
DSP-01537,2026-07-06,Lille,Cable kit,7,101.50,Dispatched,
DSP-01538,2026-07-07,Nantes,Cable kit,8,124.00,Packed,
DSP-01539,2026-07-08,Bordeaux,Cable kit,9,148.50,On hold,
DSP-01540,2026-07-09,Strasbourg,Cable kit,10,175.00,Dispatched,
DSP-01541,2026-07-10,Lyon,Monitor arm,11,203.50,Packed,
DSP-01542,2026-07-11,Lille,Monitor arm,12,234.00,On hold,
DSP-01543,2026-07-12,Nantes,Monitor arm,13,266.50,Dispatched,
DSP-01544,2026-07-13,Bordeaux,Monitor arm,14,301.00,Packed,
DSP-01545,2026-07-14,Strasbourg,Monitor arm,15,337.50,On hold,
DSP-01546,2026-07-15,Lyon,Packing paper,16,376.00,Dispatched,
DSP-01547,2026-07-16,Lille,Packing paper,17,416.50,Packed,
DSP-01548,2026-07-17,Nantes,Packing paper,18,225.00,On hold,"Fragile, handle with care"
DSP-01549,2026-07-18,Bordeaux,Packing paper,19,256.50,Dispatched,
DSP-01550,2026-07-19,Strasbourg,Packing paper,20,290.00,Packed,
DSP-01551,2026-07-20,Lyon,Desk lamp,21,325.50,On hold,"Dock 2
Morning delivery"
DSP-01552,2026-07-21,Lille,Desk lamp,22,363.00,Dispatched,
DSP-01553,2026-07-22,Nantes,Desk lamp,23,402.50,Packed,
DSP-01554,2026-07-23,Bordeaux,Desk lamp,24,444.00,On hold,
DSP-01555,2026-07-24,Strasbourg,Desk lamp,25,487.50,Dispatched,
DSP-01556,2026-07-25,Lyon,Storage box,26,533.00,Packed,
DSP-01557,2026-07-26,Lille,Storage box,27,580.50,On hold,
DSP-01558,2026-07-27,Nantes,Storage box,28,630.00,Dispatched,
DSP-01559,2026-07-28,Bordeaux,Storage box,29,681.50,Packed,
DSP-01560,2026-07-29,Strasbourg,Storage box,30,735.00,On hold,
DSP-01561,2026-07-30,Lyon,Cable kit,31,387.50,Dispatched,
DSP-01562,2026-07-31,Lille,Cable kit,32,432.00,Packed,
DSP-01563,2026-08-01,Nantes,Cable kit,33,478.50,On hold,
DSP-01564,2026-08-02,Bordeaux,Cable kit,34,527.00,Dispatched,
DSP-01565,2026-08-03,Strasbourg,Cable kit,35,577.50,Packed,"Fragile, handle with care"
DSP-01566,2026-08-04,Lyon,Monitor arm,36,630.00,On hold,
DSP-01567,2026-08-05,Lille,Monitor arm,37,684.50,Dispatched,
DSP-01568,2026-08-06,Nantes,Monitor arm,38,741.00,Packed,
DSP-01569,2026-08-07,Bordeaux,Monitor arm,39,799.50,On hold,
DSP-01570,2026-08-08,Strasbourg,Monitor arm,40,860.00,Dispatched,
DSP-01571,2026-08-09,Lyon,Packing paper,41,922.50,Packed,
DSP-01572,2026-08-10,Lille,Packing paper,42,987.00,On hold,
DSP-01573,2026-08-11,Nantes,Packing paper,43,1053.50,Dispatched,
DSP-01574,2026-08-12,Bordeaux,Packing paper,44,550.00,Packed,
DSP-01575,2026-08-13,Strasbourg,Packing paper,45,607.50,On hold,
DSP-01576,2026-08-14,Lyon,Desk lamp,46,667.00,Dispatched,
DSP-01577,2026-08-15,Lille,Desk lamp,47,728.50,Packed,
DSP-01578,2026-08-16,Nantes,Desk lamp,48,792.00,On hold,
DSP-01579,2026-08-17,Bordeaux,Desk lamp,49,857.50,Dispatched,
DSP-01580,2026-08-18,Strasbourg,Desk lamp,50,925.00,Packed,
DSP-01581,2026-08-19,Lyon,Storage box,51,994.50,On hold,
DSP-01582,2026-08-20,Lille,Storage box,52,1066.00,Dispatched,"Fragile, handle with care"
DSP-01583,2026-08-21,Nantes,Storage box,53,1139.50,Packed,
DSP-01584,2026-08-22,Bordeaux,Storage box,54,1215.00,On hold,
DSP-01585,2026-08-23,Strasbourg,Storage box,55,1292.50,Dispatched,
DSP-01586,2026-08-24,Lyon,Cable kit,56,1372.00,Packed,
DSP-01587,2026-08-25,Lille,Cable kit,57,712.50,On hold,
DSP-01588,2026-08-26,Nantes,Cable kit,58,783.00,Dispatched,
DSP-01589,2026-08-27,Bordeaux,Cable kit,59,855.50,Packed,
DSP-01590,2026-08-28,Strasbourg,Cable kit,60,930.00,On hold,
DSP-01591,2026-08-29,Lyon,Monitor arm,61,1006.50,Dispatched,
DSP-01592,2026-08-30,Lille,Monitor arm,62,1085.00,Packed,
DSP-01593,2026-08-31,Nantes,Monitor arm,63,1165.50,On hold,
DSP-01594,2026-09-01,Bordeaux,Monitor arm,64,1248.00,Dispatched,
DSP-01595,2026-09-02,Strasbourg,Monitor arm,65,1332.50,Packed,
DSP-01596,2026-09-03,Lyon,Packing paper,66,1419.00,On hold,
DSP-01597,2026-09-04,Lille,Packing paper,67,1507.50,Dispatched,
DSP-01598,2026-09-05,Nantes,Packing paper,68,1598.00,Packed,
DSP-01599,2026-09-06,Bordeaux,Packing paper,69,1690.50,On hold,"Fragile, handle with care"
DSP-01600,2026-09-07,Strasbourg,Packing paper,70,875.00,Dispatched,
DSP-01601,2026-09-08,Lyon,Desk lamp,71,958.50,Packed,
DSP-01602,2026-09-09,Lille,Desk lamp,72,1044.00,On hold,
DSP-01603,2026-09-10,Nantes,Desk lamp,73,1131.50,Dispatched,
DSP-01604,2026-09-11,Bordeaux,Desk lamp,74,1221.00,Packed,
DSP-01605,2026-09-12,Strasbourg,Desk lamp,75,1312.50,On hold,
DSP-01606,2026-09-13,Lyon,Storage box,76,1406.00,Dispatched,
DSP-01607,2026-09-14,Lille,Storage box,77,1501.50,Packed,
DSP-01608,2026-09-15,Nantes,Storage box,78,1599.00,On hold,
DSP-01609,2026-09-16,Bordeaux,Storage box,79,1698.50,Dispatched,
DSP-01610,2026-09-17,Strasbourg,Storage box,80,1800.00,Packed,
DSP-01611,2026-09-18,Lyon,Cable kit,81,1903.50,On hold,
DSP-01612,2026-09-19,Lille,Cable kit,82,2009.00,Dispatched,
DSP-01613,2026-09-20,Nantes,Cable kit,83,1037.50,Packed,"Dock 2
Morning delivery"
DSP-01614,2026-09-21,Bordeaux,Cable kit,84,1134.00,On hold,
DSP-01615,2026-09-22,Strasbourg,Cable kit,85,1232.50,Dispatched,
DSP-01616,2026-09-23,Lyon,Monitor arm,86,1333.00,Packed,"Fragile, handle with care"
DSP-01617,2026-09-24,Lille,Monitor arm,87,1435.50,On hold,
DSP-01618,2026-09-25,Nantes,Monitor arm,88,1540.00,Dispatched,
DSP-01619,2026-09-26,Bordeaux,Monitor arm,89,1646.50,Packed,
DSP-01620,2026-09-27,Strasbourg,Monitor arm,90,1755.00,On hold,
DSP-01621,2026-01-01,Lyon,Packing paper,1,20.50,Dispatched,
DSP-01622,2026-01-02,Lille,Packing paper,2,43.00,Packed,
DSP-01623,2026-01-03,Nantes,Packing paper,3,67.50,On hold,
DSP-01624,2026-01-04,Bordeaux,Packing paper,4,94.00,Dispatched,
DSP-01625,2026-01-05,Strasbourg,Packing paper,5,122.50,Packed,
DSP-01626,2026-01-06,Lyon,Desk lamp,6,75.00,On hold,
DSP-01627,2026-01-07,Lille,Desk lamp,7,94.50,Dispatched,
DSP-01628,2026-01-08,Nantes,Desk lamp,8,116.00,Packed,
DSP-01629,2026-01-09,Bordeaux,Desk lamp,9,139.50,On hold,
DSP-01630,2026-01-10,Strasbourg,Desk lamp,10,165.00,Dispatched,
DSP-01631,2026-01-11,Lyon,Storage box,11,192.50,Packed,
DSP-01632,2026-01-12,Lille,Storage box,12,222.00,On hold,
DSP-01633,2026-01-13,Nantes,Storage box,13,253.50,Dispatched,"Fragile, handle with care"
DSP-01634,2026-01-14,Bordeaux,Storage box,14,287.00,Packed,
DSP-01635,2026-01-15,Strasbourg,Storage box,15,322.50,On hold,
DSP-01636,2026-01-16,Lyon,Cable kit,16,360.00,Dispatched,
DSP-01637,2026-01-17,Lille,Cable kit,17,399.50,Packed,
DSP-01638,2026-01-18,Nantes,Cable kit,18,441.00,On hold,
DSP-01639,2026-01-19,Bordeaux,Cable kit,19,237.50,Dispatched,
DSP-01640,2026-01-20,Strasbourg,Cable kit,20,270.00,Packed,
DSP-01641,2026-01-21,Lyon,Monitor arm,21,304.50,On hold,
DSP-01642,2026-01-22,Lille,Monitor arm,22,341.00,Dispatched,
DSP-01643,2026-01-23,Nantes,Monitor arm,23,379.50,Packed,
DSP-01644,2026-01-24,Bordeaux,Monitor arm,24,420.00,On hold,"Dock 2
Morning delivery"
DSP-01645,2026-01-25,Strasbourg,Monitor arm,25,462.50,Dispatched,
DSP-01646,2026-01-26,Lyon,Packing paper,26,507.00,Packed,
DSP-01647,2026-01-27,Lille,Packing paper,27,553.50,On hold,
DSP-01648,2026-01-28,Nantes,Packing paper,28,602.00,Dispatched,
DSP-01649,2026-01-29,Bordeaux,Packing paper,29,652.50,Packed,
DSP-01650,2026-01-30,Strasbourg,Packing paper,30,705.00,On hold,"Fragile, handle with care"
DSP-01651,2026-01-31,Lyon,Desk lamp,31,759.50,Dispatched,
DSP-01652,2026-02-01,Lille,Desk lamp,32,400.00,Packed,
DSP-01653,2026-02-02,Nantes,Desk lamp,33,445.50,On hold,
DSP-01654,2026-02-03,Bordeaux,Desk lamp,34,493.00,Dispatched,
DSP-01655,2026-02-04,Strasbourg,Desk lamp,35,542.50,Packed,
DSP-01656,2026-02-05,Lyon,Storage box,36,594.00,On hold,
DSP-01657,2026-02-06,Lille,Storage box,37,647.50,Dispatched,
DSP-01658,2026-02-07,Nantes,Storage box,38,703.00,Packed,
DSP-01659,2026-02-08,Bordeaux,Storage box,39,760.50,On hold,
DSP-01660,2026-02-09,Strasbourg,Storage box,40,820.00,Dispatched,
DSP-01661,2026-02-10,Lyon,Cable kit,41,881.50,Packed,
DSP-01662,2026-02-11,Lille,Cable kit,42,945.00,On hold,
DSP-01663,2026-02-12,Nantes,Cable kit,43,1010.50,Dispatched,
DSP-01664,2026-02-13,Bordeaux,Cable kit,44,1078.00,Packed,
DSP-01665,2026-02-14,Strasbourg,Cable kit,45,562.50,On hold,
DSP-01666,2026-02-15,Lyon,Monitor arm,46,621.00,Dispatched,
DSP-01667,2026-02-16,Lille,Monitor arm,47,681.50,Packed,"Fragile, handle with care"
DSP-01668,2026-02-17,Nantes,Monitor arm,48,744.00,On hold,
DSP-01669,2026-02-18,Bordeaux,Monitor arm,49,808.50,Dispatched,
DSP-01670,2026-02-19,Strasbourg,Monitor arm,50,875.00,Packed,
DSP-01671,2026-02-20,Lyon,Packing paper,51,943.50,On hold,
DSP-01672,2026-02-21,Lille,Packing paper,52,1014.00,Dispatched,
DSP-01673,2026-02-22,Nantes,Packing paper,53,1086.50,Packed,
DSP-01674,2026-02-23,Bordeaux,Packing paper,54,1161.00,On hold,
DSP-01675,2026-02-24,Strasbourg,Packing paper,55,1237.50,Dispatched,"Dock 2
Morning delivery"
DSP-01676,2026-02-25,Lyon,Desk lamp,56,1316.00,Packed,
DSP-01677,2026-02-26,Lille,Desk lamp,57,1396.50,On hold,
DSP-01678,2026-02-27,Nantes,Desk lamp,58,725.00,Dispatched,
DSP-01679,2026-02-28,Bordeaux,Desk lamp,59,796.50,Packed,
DSP-01680,2026-03-01,Strasbourg,Desk lamp,60,870.00,On hold,
DSP-01681,2026-03-02,Lyon,Storage box,61,945.50,Dispatched,
DSP-01682,2026-03-03,Lille,Storage box,62,1023.00,Packed,
DSP-01683,2026-03-04,Nantes,Storage box,63,1102.50,On hold,
DSP-01684,2026-03-05,Bordeaux,Storage box,64,1184.00,Dispatched,"Fragile, handle with care"
DSP-01685,2026-03-06,Strasbourg,Storage box,65,1267.50,Packed,
DSP-01686,2026-03-07,Lyon,Cable kit,66,1353.00,On hold,
DSP-01687,2026-03-08,Lille,Cable kit,67,1440.50,Dispatched,
DSP-01688,2026-03-09,Nantes,Cable kit,68,1530.00,Packed,
DSP-01689,2026-03-10,Bordeaux,Cable kit,69,1621.50,On hold,
DSP-01690,2026-03-11,Strasbourg,Cable kit,70,1715.00,Dispatched,
DSP-01691,2026-03-12,Lyon,Monitor arm,71,887.50,Packed,
DSP-01692,2026-03-13,Lille,Monitor arm,72,972.00,On hold,
DSP-01693,2026-03-14,Nantes,Monitor arm,73,1058.50,Dispatched,
DSP-01694,2026-03-15,Bordeaux,Monitor arm,74,1147.00,Packed,
DSP-01695,2026-03-16,Strasbourg,Monitor arm,75,1237.50,On hold,
DSP-01696,2026-03-17,Lyon,Packing paper,76,1330.00,Dispatched,
DSP-01697,2026-03-18,Lille,Packing paper,77,1424.50,Packed,
DSP-01698,2026-03-19,Nantes,Packing paper,78,1521.00,On hold,
DSP-01699,2026-03-20,Bordeaux,Packing paper,79,1619.50,Dispatched,
DSP-01700,2026-03-21,Strasbourg,Packing paper,80,1720.00,Packed,
DSP-01701,2026-03-22,Lyon,Desk lamp,81,1822.50,On hold,"Fragile, handle with care"
DSP-01702,2026-03-23,Lille,Desk lamp,82,1927.00,Dispatched,
DSP-01703,2026-03-24,Nantes,Desk lamp,83,2033.50,Packed,
DSP-01704,2026-03-25,Bordeaux,Desk lamp,84,1050.00,On hold,
DSP-01705,2026-03-26,Strasbourg,Desk lamp,85,1147.50,Dispatched,
DSP-01706,2026-03-27,Lyon,Storage box,86,1247.00,Packed,"Dock 2
Morning delivery"
DSP-01707,2026-03-28,Lille,Storage box,87,1348.50,On hold,
DSP-01708,2026-03-29,Nantes,Storage box,88,1452.00,Dispatched,
DSP-01709,2026-03-30,Bordeaux,Storage box,89,1557.50,Packed,
DSP-01710,2026-03-31,Strasbourg,Storage box,90,1665.00,On hold,
DSP-01711,2026-04-01,Lyon,Cable kit,1,19.50,Dispatched,
DSP-01712,2026-04-02,Lille,Cable kit,2,41.00,Packed,
DSP-01713,2026-04-03,Nantes,Cable kit,3,64.50,On hold,
DSP-01714,2026-04-04,Bordeaux,Cable kit,4,90.00,Dispatched,
DSP-01715,2026-04-05,Strasbourg,Cable kit,5,117.50,Packed,
DSP-01716,2026-04-06,Lyon,Monitor arm,6,147.00,On hold,
DSP-01717,2026-04-07,Lille,Monitor arm,7,87.50,Dispatched,
DSP-01718,2026-04-08,Nantes,Monitor arm,8,108.00,Packed,"Fragile, handle with care"
DSP-01719,2026-04-09,Bordeaux,Monitor arm,9,130.50,On hold,
DSP-01720,2026-04-10,Strasbourg,Monitor arm,10,155.00,Dispatched,
DSP-01721,2026-04-11,Lyon,Packing paper,11,181.50,Packed,
DSP-01722,2026-04-12,Lille,Packing paper,12,210.00,On hold,
DSP-01723,2026-04-13,Nantes,Packing paper,13,240.50,Dispatched,
DSP-01724,2026-04-14,Bordeaux,Packing paper,14,273.00,Packed,
DSP-01725,2026-04-15,Strasbourg,Packing paper,15,307.50,On hold,
DSP-01726,2026-04-16,Lyon,Desk lamp,16,344.00,Dispatched,
DSP-01727,2026-04-17,Lille,Desk lamp,17,382.50,Packed,
DSP-01728,2026-04-18,Nantes,Desk lamp,18,423.00,On hold,
DSP-01729,2026-04-19,Bordeaux,Desk lamp,19,465.50,Dispatched,
DSP-01730,2026-04-20,Strasbourg,Desk lamp,20,250.00,Packed,
DSP-01731,2026-04-21,Lyon,Storage box,21,283.50,On hold,
DSP-01732,2026-04-22,Lille,Storage box,22,319.00,Dispatched,
DSP-01733,2026-04-23,Nantes,Storage box,23,356.50,Packed,
DSP-01734,2026-04-24,Bordeaux,Storage box,24,396.00,On hold,
DSP-01735,2026-04-25,Strasbourg,Storage box,25,437.50,Dispatched,"Fragile, handle with care"
DSP-01736,2026-04-26,Lyon,Cable kit,26,481.00,Packed,
DSP-01737,2026-04-27,Lille,Cable kit,27,526.50,On hold,"Dock 2
Morning delivery"
DSP-01738,2026-04-28,Nantes,Cable kit,28,574.00,Dispatched,
DSP-01739,2026-04-29,Bordeaux,Cable kit,29,623.50,Packed,
DSP-01740,2026-04-30,Strasbourg,Cable kit,30,675.00,On hold,
DSP-01741,2026-05-01,Lyon,Monitor arm,31,728.50,Dispatched,
DSP-01742,2026-05-02,Lille,Monitor arm,32,784.00,Packed,
DSP-01743,2026-05-03,Nantes,Monitor arm,33,412.50,On hold,
DSP-01744,2026-05-04,Bordeaux,Monitor arm,34,459.00,Dispatched,
DSP-01745,2026-05-05,Strasbourg,Monitor arm,35,507.50,Packed,
DSP-01746,2026-05-06,Lyon,Packing paper,36,558.00,On hold,
DSP-01747,2026-05-07,Lille,Packing paper,37,610.50,Dispatched,
DSP-01748,2026-05-08,Nantes,Packing paper,38,665.00,Packed,
DSP-01749,2026-05-09,Bordeaux,Packing paper,39,721.50,On hold,
DSP-01750,2026-05-10,Strasbourg,Packing paper,40,780.00,Dispatched,
DSP-01751,2026-05-11,Lyon,Desk lamp,41,840.50,Packed,
DSP-01752,2026-05-12,Lille,Desk lamp,42,903.00,On hold,"Fragile, handle with care"
DSP-01753,2026-05-13,Nantes,Desk lamp,43,967.50,Dispatched,
DSP-01754,2026-05-14,Bordeaux,Desk lamp,44,1034.00,Packed,
DSP-01755,2026-05-15,Strasbourg,Desk lamp,45,1102.50,On hold,
DSP-01756,2026-05-16,Lyon,Storage box,46,575.00,Dispatched,
DSP-01757,2026-05-17,Lille,Storage box,47,634.50,Packed,
DSP-01758,2026-05-18,Nantes,Storage box,48,696.00,On hold,
DSP-01759,2026-05-19,Bordeaux,Storage box,49,759.50,Dispatched,
DSP-01760,2026-05-20,Strasbourg,Storage box,50,825.00,Packed,
DSP-01761,2026-05-21,Lyon,Cable kit,51,892.50,On hold,
DSP-01762,2026-05-22,Lille,Cable kit,52,962.00,Dispatched,
DSP-01763,2026-05-23,Nantes,Cable kit,53,1033.50,Packed,
DSP-01764,2026-05-24,Bordeaux,Cable kit,54,1107.00,On hold,
DSP-01765,2026-05-25,Strasbourg,Cable kit,55,1182.50,Dispatched,
DSP-01766,2026-05-26,Lyon,Monitor arm,56,1260.00,Packed,
DSP-01767,2026-05-27,Lille,Monitor arm,57,1339.50,On hold,
DSP-01768,2026-05-28,Nantes,Monitor arm,58,1421.00,Dispatched,"Dock 2
Morning delivery"
DSP-01769,2026-05-29,Bordeaux,Monitor arm,59,737.50,Packed,"Fragile, handle with care"
DSP-01770,2026-05-30,Strasbourg,Monitor arm,60,810.00,On hold,
DSP-01771,2026-05-31,Lyon,Packing paper,61,884.50,Dispatched,
DSP-01772,2026-06-01,Lille,Packing paper,62,961.00,Packed,
DSP-01773,2026-06-02,Nantes,Packing paper,63,1039.50,On hold,
DSP-01774,2026-06-03,Bordeaux,Packing paper,64,1120.00,Dispatched,
DSP-01775,2026-06-04,Strasbourg,Packing paper,65,1202.50,Packed,
DSP-01776,2026-06-05,Lyon,Desk lamp,66,1287.00,On hold,
DSP-01777,2026-06-06,Lille,Desk lamp,67,1373.50,Dispatched,
DSP-01778,2026-06-07,Nantes,Desk lamp,68,1462.00,Packed,
DSP-01779,2026-06-08,Bordeaux,Desk lamp,69,1552.50,On hold,
DSP-01780,2026-06-09,Strasbourg,Desk lamp,70,1645.00,Dispatched,
DSP-01781,2026-06-10,Lyon,Storage box,71,1739.50,Packed,
DSP-01782,2026-06-11,Lille,Storage box,72,900.00,On hold,
DSP-01783,2026-06-12,Nantes,Storage box,73,985.50,Dispatched,
DSP-01784,2026-06-13,Bordeaux,Storage box,74,1073.00,Packed,
DSP-01785,2026-06-14,Strasbourg,Storage box,75,1162.50,On hold,
DSP-01786,2026-06-15,Lyon,Cable kit,76,1254.00,Dispatched,"Fragile, handle with care"
DSP-01787,2026-06-16,Lille,Cable kit,77,1347.50,Packed,
DSP-01788,2026-06-17,Nantes,Cable kit,78,1443.00,On hold,
DSP-01789,2026-06-18,Bordeaux,Cable kit,79,1540.50,Dispatched,
DSP-01790,2026-06-19,Strasbourg,Cable kit,80,1640.00,Packed,
DSP-01791,2026-06-20,Lyon,Monitor arm,81,1741.50,On hold,
DSP-01792,2026-06-21,Lille,Monitor arm,82,1845.00,Dispatched,
DSP-01793,2026-06-22,Nantes,Monitor arm,83,1950.50,Packed,
DSP-01794,2026-06-23,Bordeaux,Monitor arm,84,2058.00,On hold,
DSP-01795,2026-06-24,Strasbourg,Monitor arm,85,1062.50,Dispatched,
DSP-01796,2026-06-25,Lyon,Packing paper,86,1161.00,Packed,
DSP-01797,2026-06-26,Lille,Packing paper,87,1261.50,On hold,
DSP-01798,2026-06-27,Nantes,Packing paper,88,1364.00,Dispatched,
DSP-01799,2026-06-28,Bordeaux,Packing paper,89,1468.50,Packed,"Dock 2
Morning delivery"
DSP-01800,2026-06-29,Strasbourg,Packing paper,90,1575.00,On hold,
DSP-01801,2026-06-30,Lyon,Desk lamp,1,18.50,Dispatched,
DSP-01802,2026-07-01,Lille,Desk lamp,2,39.00,Packed,
DSP-01803,2026-07-02,Nantes,Desk lamp,3,61.50,On hold,"Fragile, handle with care"
DSP-01804,2026-07-03,Bordeaux,Desk lamp,4,86.00,Dispatched,
DSP-01805,2026-07-04,Strasbourg,Desk lamp,5,112.50,Packed,
DSP-01806,2026-07-05,Lyon,Storage box,6,141.00,On hold,
DSP-01807,2026-07-06,Lille,Storage box,7,171.50,Dispatched,
DSP-01808,2026-07-07,Nantes,Storage box,8,100.00,Packed,
DSP-01809,2026-07-08,Bordeaux,Storage box,9,121.50,On hold,
DSP-01810,2026-07-09,Strasbourg,Storage box,10,145.00,Dispatched,
DSP-01811,2026-07-10,Lyon,Cable kit,11,170.50,Packed,
DSP-01812,2026-07-11,Lille,Cable kit,12,198.00,On hold,
DSP-01813,2026-07-12,Nantes,Cable kit,13,227.50,Dispatched,
DSP-01814,2026-07-13,Bordeaux,Cable kit,14,259.00,Packed,
DSP-01815,2026-07-14,Strasbourg,Cable kit,15,292.50,On hold,
DSP-01816,2026-07-15,Lyon,Monitor arm,16,328.00,Dispatched,
DSP-01817,2026-07-16,Lille,Monitor arm,17,365.50,Packed,
DSP-01818,2026-07-17,Nantes,Monitor arm,18,405.00,On hold,
DSP-01819,2026-07-18,Bordeaux,Monitor arm,19,446.50,Dispatched,
DSP-01820,2026-07-19,Strasbourg,Monitor arm,20,490.00,Packed,"Fragile, handle with care"
DSP-01821,2026-07-20,Lyon,Packing paper,21,262.50,On hold,
DSP-01822,2026-07-21,Lille,Packing paper,22,297.00,Dispatched,
DSP-01823,2026-07-22,Nantes,Packing paper,23,333.50,Packed,
DSP-01824,2026-07-23,Bordeaux,Packing paper,24,372.00,On hold,
DSP-01825,2026-07-24,Strasbourg,Packing paper,25,412.50,Dispatched,
DSP-01826,2026-07-25,Lyon,Desk lamp,26,455.00,Packed,
DSP-01827,2026-07-26,Lille,Desk lamp,27,499.50,On hold,
DSP-01828,2026-07-27,Nantes,Desk lamp,28,546.00,Dispatched,
DSP-01829,2026-07-28,Bordeaux,Desk lamp,29,594.50,Packed,
DSP-01830,2026-07-29,Strasbourg,Desk lamp,30,645.00,On hold,"Dock 2
Morning delivery"
DSP-01831,2026-07-30,Lyon,Storage box,31,697.50,Dispatched,
DSP-01832,2026-07-31,Lille,Storage box,32,752.00,Packed,
DSP-01833,2026-08-01,Nantes,Storage box,33,808.50,On hold,
DSP-01834,2026-08-02,Bordeaux,Storage box,34,425.00,Dispatched,
DSP-01835,2026-08-03,Strasbourg,Storage box,35,472.50,Packed,
DSP-01836,2026-08-04,Lyon,Cable kit,36,522.00,On hold,
DSP-01837,2026-08-05,Lille,Cable kit,37,573.50,Dispatched,"Fragile, handle with care"
DSP-01838,2026-08-06,Nantes,Cable kit,38,627.00,Packed,
DSP-01839,2026-08-07,Bordeaux,Cable kit,39,682.50,On hold,
DSP-01840,2026-08-08,Strasbourg,Cable kit,40,740.00,Dispatched,
DSP-01841,2026-08-09,Lyon,Monitor arm,41,799.50,Packed,
DSP-01842,2026-08-10,Lille,Monitor arm,42,861.00,On hold,
DSP-01843,2026-08-11,Nantes,Monitor arm,43,924.50,Dispatched,
DSP-01844,2026-08-12,Bordeaux,Monitor arm,44,990.00,Packed,
DSP-01845,2026-08-13,Strasbourg,Monitor arm,45,1057.50,On hold,
DSP-01846,2026-08-14,Lyon,Packing paper,46,1127.00,Dispatched,
DSP-01847,2026-08-15,Lille,Packing paper,47,587.50,Packed,
DSP-01848,2026-08-16,Nantes,Packing paper,48,648.00,On hold,
DSP-01849,2026-08-17,Bordeaux,Packing paper,49,710.50,Dispatched,
DSP-01850,2026-08-18,Strasbourg,Packing paper,50,775.00,Packed,
DSP-01851,2026-08-19,Lyon,Desk lamp,51,841.50,On hold,
DSP-01852,2026-08-20,Lille,Desk lamp,52,910.00,Dispatched,
DSP-01853,2026-08-21,Nantes,Desk lamp,53,980.50,Packed,
DSP-01854,2026-08-22,Bordeaux,Desk lamp,54,1053.00,On hold,"Fragile, handle with care"
DSP-01855,2026-08-23,Strasbourg,Desk lamp,55,1127.50,Dispatched,
DSP-01856,2026-08-24,Lyon,Storage box,56,1204.00,Packed,
DSP-01857,2026-08-25,Lille,Storage box,57,1282.50,On hold,
DSP-01858,2026-08-26,Nantes,Storage box,58,1363.00,Dispatched,
DSP-01859,2026-08-27,Bordeaux,Storage box,59,1445.50,Packed,
DSP-01860,2026-08-28,Strasbourg,Storage box,60,750.00,On hold,
DSP-01861,2026-08-29,Lyon,Cable kit,61,823.50,Dispatched,"Dock 2
Morning delivery"
DSP-01862,2026-08-30,Lille,Cable kit,62,899.00,Packed,
DSP-01863,2026-08-31,Nantes,Cable kit,63,976.50,On hold,
DSP-01864,2026-09-01,Bordeaux,Cable kit,64,1056.00,Dispatched,
DSP-01865,2026-09-02,Strasbourg,Cable kit,65,1137.50,Packed,
DSP-01866,2026-09-03,Lyon,Monitor arm,66,1221.00,On hold,
DSP-01867,2026-09-04,Lille,Monitor arm,67,1306.50,Dispatched,
DSP-01868,2026-09-05,Nantes,Monitor arm,68,1394.00,Packed,
DSP-01869,2026-09-06,Bordeaux,Monitor arm,69,1483.50,On hold,
DSP-01870,2026-09-07,Strasbourg,Monitor arm,70,1575.00,Dispatched,
DSP-01871,2026-09-08,Lyon,Packing paper,71,1668.50,Packed,"Fragile, handle with care"
DSP-01872,2026-09-09,Lille,Packing paper,72,1764.00,On hold,
DSP-01873,2026-09-10,Nantes,Packing paper,73,912.50,Dispatched,
DSP-01874,2026-09-11,Bordeaux,Packing paper,74,999.00,Packed,
DSP-01875,2026-09-12,Strasbourg,Packing paper,75,1087.50,On hold,
DSP-01876,2026-09-13,Lyon,Desk lamp,76,1178.00,Dispatched,
DSP-01877,2026-09-14,Lille,Desk lamp,77,1270.50,Packed,
DSP-01878,2026-09-15,Nantes,Desk lamp,78,1365.00,On hold,
DSP-01879,2026-09-16,Bordeaux,Desk lamp,79,1461.50,Dispatched,
DSP-01880,2026-09-17,Strasbourg,Desk lamp,80,1560.00,Packed,
DSP-01881,2026-09-18,Lyon,Storage box,81,1660.50,On hold,
DSP-01882,2026-09-19,Lille,Storage box,82,1763.00,Dispatched,
DSP-01883,2026-09-20,Nantes,Storage box,83,1867.50,Packed,
DSP-01884,2026-09-21,Bordeaux,Storage box,84,1974.00,On hold,
DSP-01885,2026-09-22,Strasbourg,Storage box,85,2082.50,Dispatched,
DSP-01886,2026-09-23,Lyon,Cable kit,86,1075.00,Packed,
DSP-01887,2026-09-24,Lille,Cable kit,87,1174.50,On hold,
DSP-01888,2026-09-25,Nantes,Cable kit,88,1276.00,Dispatched,"Fragile, handle with care"
DSP-01889,2026-09-26,Bordeaux,Cable kit,89,1379.50,Packed,
DSP-01890,2026-09-27,Strasbourg,Cable kit,90,1485.00,On hold,
DSP-01891,2026-01-01,Lyon,Monitor arm,1,17.50,Dispatched,
DSP-01892,2026-01-02,Lille,Monitor arm,2,37.00,Packed,"Dock 2
Morning delivery"
DSP-01893,2026-01-03,Nantes,Monitor arm,3,58.50,On hold,
DSP-01894,2026-01-04,Bordeaux,Monitor arm,4,82.00,Dispatched,
DSP-01895,2026-01-05,Strasbourg,Monitor arm,5,107.50,Packed,
DSP-01896,2026-01-06,Lyon,Packing paper,6,135.00,On hold,
DSP-01897,2026-01-07,Lille,Packing paper,7,164.50,Dispatched,
DSP-01898,2026-01-08,Nantes,Packing paper,8,196.00,Packed,
DSP-01899,2026-01-09,Bordeaux,Packing paper,9,112.50,On hold,
DSP-01900,2026-01-10,Strasbourg,Packing paper,10,135.00,Dispatched,
DSP-01901,2026-01-11,Lyon,Desk lamp,11,159.50,Packed,
DSP-01902,2026-01-12,Lille,Desk lamp,12,186.00,On hold,
DSP-01903,2026-01-13,Nantes,Desk lamp,13,214.50,Dispatched,
DSP-01904,2026-01-14,Bordeaux,Desk lamp,14,245.00,Packed,
DSP-01905,2026-01-15,Strasbourg,Desk lamp,15,277.50,On hold,"Fragile, handle with care"
DSP-01906,2026-01-16,Lyon,Storage box,16,312.00,Dispatched,
DSP-01907,2026-01-17,Lille,Storage box,17,348.50,Packed,
DSP-01908,2026-01-18,Nantes,Storage box,18,387.00,On hold,
DSP-01909,2026-01-19,Bordeaux,Storage box,19,427.50,Dispatched,
DSP-01910,2026-01-20,Strasbourg,Storage box,20,470.00,Packed,
DSP-01911,2026-01-21,Lyon,Cable kit,21,514.50,On hold,
DSP-01912,2026-01-22,Lille,Cable kit,22,275.00,Dispatched,
DSP-01913,2026-01-23,Nantes,Cable kit,23,310.50,Packed,
DSP-01914,2026-01-24,Bordeaux,Cable kit,24,348.00,On hold,
DSP-01915,2026-01-25,Strasbourg,Cable kit,25,387.50,Dispatched,
DSP-01916,2026-01-26,Lyon,Monitor arm,26,429.00,Packed,
DSP-01917,2026-01-27,Lille,Monitor arm,27,472.50,On hold,
DSP-01918,2026-01-28,Nantes,Monitor arm,28,518.00,Dispatched,
DSP-01919,2026-01-29,Bordeaux,Monitor arm,29,565.50,Packed,
DSP-01920,2026-01-30,Strasbourg,Monitor arm,30,615.00,On hold,
DSP-01921,2026-01-31,Lyon,Packing paper,31,666.50,Dispatched,
DSP-01922,2026-02-01,Lille,Packing paper,32,720.00,Packed,"Fragile, handle with care"
DSP-01923,2026-02-02,Nantes,Packing paper,33,775.50,On hold,"Dock 2
Morning delivery"
DSP-01924,2026-02-03,Bordeaux,Packing paper,34,833.00,Dispatched,
DSP-01925,2026-02-04,Strasbourg,Packing paper,35,437.50,Packed,
DSP-01926,2026-02-05,Lyon,Desk lamp,36,486.00,On hold,
DSP-01927,2026-02-06,Lille,Desk lamp,37,536.50,Dispatched,
DSP-01928,2026-02-07,Nantes,Desk lamp,38,589.00,Packed,
DSP-01929,2026-02-08,Bordeaux,Desk lamp,39,643.50,On hold,
DSP-01930,2026-02-09,Strasbourg,Desk lamp,40,700.00,Dispatched,
DSP-01931,2026-02-10,Lyon,Storage box,41,758.50,Packed,
DSP-01932,2026-02-11,Lille,Storage box,42,819.00,On hold,
DSP-01933,2026-02-12,Nantes,Storage box,43,881.50,Dispatched,
DSP-01934,2026-02-13,Bordeaux,Storage box,44,946.00,Packed,
DSP-01935,2026-02-14,Strasbourg,Storage box,45,1012.50,On hold,
DSP-01936,2026-02-15,Lyon,Cable kit,46,1081.00,Dispatched,
DSP-01937,2026-02-16,Lille,Cable kit,47,1151.50,Packed,
DSP-01938,2026-02-17,Nantes,Cable kit,48,600.00,On hold,
DSP-01939,2026-02-18,Bordeaux,Cable kit,49,661.50,Dispatched,"Fragile, handle with care"
DSP-01940,2026-02-19,Strasbourg,Cable kit,50,725.00,Packed,
DSP-01941,2026-02-20,Lyon,Monitor arm,51,790.50,On hold,
DSP-01942,2026-02-21,Lille,Monitor arm,52,858.00,Dispatched,
DSP-01943,2026-02-22,Nantes,Monitor arm,53,927.50,Packed,
DSP-01944,2026-02-23,Bordeaux,Monitor arm,54,999.00,On hold,
DSP-01945,2026-02-24,Strasbourg,Monitor arm,55,1072.50,Dispatched,
DSP-01946,2026-02-25,Lyon,Packing paper,56,1148.00,Packed,
DSP-01947,2026-02-26,Lille,Packing paper,57,1225.50,On hold,
DSP-01948,2026-02-27,Nantes,Packing paper,58,1305.00,Dispatched,
DSP-01949,2026-02-28,Bordeaux,Packing paper,59,1386.50,Packed,
DSP-01950,2026-03-01,Strasbourg,Packing paper,60,1470.00,On hold,
DSP-01951,2026-03-02,Lyon,Desk lamp,61,762.50,Dispatched,
DSP-01952,2026-03-03,Lille,Desk lamp,62,837.00,Packed,
DSP-01953,2026-03-04,Nantes,Desk lamp,63,913.50,On hold,
DSP-01954,2026-03-05,Bordeaux,Desk lamp,64,992.00,Dispatched,"Dock 2
Morning delivery"
DSP-01955,2026-03-06,Strasbourg,Desk lamp,65,1072.50,Packed,
DSP-01956,2026-03-07,Lyon,Storage box,66,1155.00,On hold,"Fragile, handle with care"
DSP-01957,2026-03-08,Lille,Storage box,67,1239.50,Dispatched,
DSP-01958,2026-03-09,Nantes,Storage box,68,1326.00,Packed,
DSP-01959,2026-03-10,Bordeaux,Storage box,69,1414.50,On hold,
DSP-01960,2026-03-11,Strasbourg,Storage box,70,1505.00,Dispatched,
DSP-01961,2026-03-12,Lyon,Cable kit,71,1597.50,Packed,
DSP-01962,2026-03-13,Lille,Cable kit,72,1692.00,On hold,
DSP-01963,2026-03-14,Nantes,Cable kit,73,1788.50,Dispatched,
DSP-01964,2026-03-15,Bordeaux,Cable kit,74,925.00,Packed,
DSP-01965,2026-03-16,Strasbourg,Cable kit,75,1012.50,On hold,
DSP-01966,2026-03-17,Lyon,Monitor arm,76,1102.00,Dispatched,
DSP-01967,2026-03-18,Lille,Monitor arm,77,1193.50,Packed,
DSP-01968,2026-03-19,Nantes,Monitor arm,78,1287.00,On hold,
DSP-01969,2026-03-20,Bordeaux,Monitor arm,79,1382.50,Dispatched,
DSP-01970,2026-03-21,Strasbourg,Monitor arm,80,1480.00,Packed,
DSP-01971,2026-03-22,Lyon,Packing paper,81,1579.50,On hold,
DSP-01972,2026-03-23,Lille,Packing paper,82,1681.00,Dispatched,
DSP-01973,2026-03-24,Nantes,Packing paper,83,1784.50,Packed,"Fragile, handle with care"
DSP-01974,2026-03-25,Bordeaux,Packing paper,84,1890.00,On hold,
DSP-01975,2026-03-26,Strasbourg,Packing paper,85,1997.50,Dispatched,
DSP-01976,2026-03-27,Lyon,Desk lamp,86,2107.00,Packed,
DSP-01977,2026-03-28,Lille,Desk lamp,87,1087.50,On hold,
DSP-01978,2026-03-29,Nantes,Desk lamp,88,1188.00,Dispatched,
DSP-01979,2026-03-30,Bordeaux,Desk lamp,89,1290.50,Packed,
DSP-01980,2026-03-31,Strasbourg,Desk lamp,90,1395.00,On hold,
DSP-01981,2026-04-01,Lyon,Storage box,1,16.50,Dispatched,
DSP-01982,2026-04-02,Lille,Storage box,2,35.00,Packed,
DSP-01983,2026-04-03,Nantes,Storage box,3,55.50,On hold,
DSP-01984,2026-04-04,Bordeaux,Storage box,4,78.00,Dispatched,
DSP-01985,2026-04-05,Strasbourg,Storage box,5,102.50,Packed,"Dock 2
Morning delivery"
DSP-01986,2026-04-06,Lyon,Cable kit,6,129.00,On hold,
DSP-01987,2026-04-07,Lille,Cable kit,7,157.50,Dispatched,
DSP-01988,2026-04-08,Nantes,Cable kit,8,188.00,Packed,
DSP-01989,2026-04-09,Bordeaux,Cable kit,9,220.50,On hold,
DSP-01990,2026-04-10,Strasbourg,Cable kit,10,125.00,Dispatched,"Fragile, handle with care"
DSP-01991,2026-04-11,Lyon,Monitor arm,11,148.50,Packed,
DSP-01992,2026-04-12,Lille,Monitor arm,12,174.00,On hold,
DSP-01993,2026-04-13,Nantes,Monitor arm,13,201.50,Dispatched,
DSP-01994,2026-04-14,Bordeaux,Monitor arm,14,231.00,Packed,
DSP-01995,2026-04-15,Strasbourg,Monitor arm,15,262.50,On hold,
DSP-01996,2026-04-16,Lyon,Packing paper,16,296.00,Dispatched,
DSP-01997,2026-04-17,Lille,Packing paper,17,331.50,Packed,
DSP-01998,2026-04-18,Nantes,Packing paper,18,369.00,On hold,
DSP-01999,2026-04-19,Bordeaux,Packing paper,19,408.50,Dispatched,
DSP-02000,2026-04-20,Strasbourg,Packing paper,20,450.00,Packed,
DSP-02001,2026-04-21,Lyon,Desk lamp,21,493.50,On hold,
DSP-02002,2026-04-22,Lille,Desk lamp,22,539.00,Dispatched,
DSP-02003,2026-04-23,Nantes,Desk lamp,23,287.50,Packed,
DSP-02004,2026-04-24,Bordeaux,Desk lamp,24,324.00,On hold,
DSP-02005,2026-04-25,Strasbourg,Desk lamp,25,362.50,Dispatched,
DSP-02006,2026-04-26,Lyon,Storage box,26,403.00,Packed,
DSP-02007,2026-04-27,Lille,Storage box,27,445.50,On hold,"Fragile, handle with care"
DSP-02008,2026-04-28,Nantes,Storage box,28,490.00,Dispatched,
DSP-02009,2026-04-29,Bordeaux,Storage box,29,536.50,Packed,
DSP-02010,2026-04-30,Strasbourg,Storage box,30,585.00,On hold,
DSP-02011,2026-05-01,Lyon,Cable kit,31,635.50,Dispatched,
DSP-02012,2026-05-02,Lille,Cable kit,32,688.00,Packed,
DSP-02013,2026-05-03,Nantes,Cable kit,33,742.50,On hold,
DSP-02014,2026-05-04,Bordeaux,Cable kit,34,799.00,Dispatched,
DSP-02015,2026-05-05,Strasbourg,Cable kit,35,857.50,Packed,
DSP-02016,2026-05-06,Lyon,Monitor arm,36,450.00,On hold,"Dock 2
Morning delivery"
DSP-02017,2026-05-07,Lille,Monitor arm,37,499.50,Dispatched,
DSP-02018,2026-05-08,Nantes,Monitor arm,38,551.00,Packed,
DSP-02019,2026-05-09,Bordeaux,Monitor arm,39,604.50,On hold,
DSP-02020,2026-05-10,Strasbourg,Monitor arm,40,660.00,Dispatched,
DSP-02021,2026-05-11,Lyon,Packing paper,41,717.50,Packed,
DSP-02022,2026-05-12,Lille,Packing paper,42,777.00,On hold,
DSP-02023,2026-05-13,Nantes,Packing paper,43,838.50,Dispatched,
DSP-02024,2026-05-14,Bordeaux,Packing paper,44,902.00,Packed,"Fragile, handle with care"
DSP-02025,2026-05-15,Strasbourg,Packing paper,45,967.50,On hold,
DSP-02026,2026-05-16,Lyon,Desk lamp,46,1035.00,Dispatched,
DSP-02027,2026-05-17,Lille,Desk lamp,47,1104.50,Packed,
DSP-02028,2026-05-18,Nantes,Desk lamp,48,1176.00,On hold,
DSP-02029,2026-05-19,Bordeaux,Desk lamp,49,612.50,Dispatched,
DSP-02030,2026-05-20,Strasbourg,Desk lamp,50,675.00,Packed,
DSP-02031,2026-05-21,Lyon,Storage box,51,739.50,On hold,
DSP-02032,2026-05-22,Lille,Storage box,52,806.00,Dispatched,
DSP-02033,2026-05-23,Nantes,Storage box,53,874.50,Packed,
DSP-02034,2026-05-24,Bordeaux,Storage box,54,945.00,On hold,
DSP-02035,2026-05-25,Strasbourg,Storage box,55,1017.50,Dispatched,
DSP-02036,2026-05-26,Lyon,Cable kit,56,1092.00,Packed,
DSP-02037,2026-05-27,Lille,Cable kit,57,1168.50,On hold,
DSP-02038,2026-05-28,Nantes,Cable kit,58,1247.00,Dispatched,
DSP-02039,2026-05-29,Bordeaux,Cable kit,59,1327.50,Packed,
DSP-02040,2026-05-30,Strasbourg,Cable kit,60,1410.00,On hold,
DSP-02041,2026-05-31,Lyon,Monitor arm,61,1494.50,Dispatched,"Fragile, handle with care"
DSP-02042,2026-06-01,Lille,Monitor arm,62,775.00,Packed,
DSP-02043,2026-06-02,Nantes,Monitor arm,63,850.50,On hold,
DSP-02044,2026-06-03,Bordeaux,Monitor arm,64,928.00,Dispatched,
DSP-02045,2026-06-04,Strasbourg,Monitor arm,65,1007.50,Packed,
DSP-02046,2026-06-05,Lyon,Packing paper,66,1089.00,On hold,
DSP-02047,2026-06-06,Lille,Packing paper,67,1172.50,Dispatched,"Dock 2
Morning delivery"
DSP-02048,2026-06-07,Nantes,Packing paper,68,1258.00,Packed,
DSP-02049,2026-06-08,Bordeaux,Packing paper,69,1345.50,On hold,
DSP-02050,2026-06-09,Strasbourg,Packing paper,70,1435.00,Dispatched,
DSP-02051,2026-06-10,Lyon,Desk lamp,71,1526.50,Packed,
DSP-02052,2026-06-11,Lille,Desk lamp,72,1620.00,On hold,
DSP-02053,2026-06-12,Nantes,Desk lamp,73,1715.50,Dispatched,
DSP-02054,2026-06-13,Bordeaux,Desk lamp,74,1813.00,Packed,
DSP-02055,2026-06-14,Strasbourg,Desk lamp,75,937.50,On hold,
DSP-02056,2026-06-15,Lyon,Storage box,76,1026.00,Dispatched,
DSP-02057,2026-06-16,Lille,Storage box,77,1116.50,Packed,
DSP-02058,2026-06-17,Nantes,Storage box,78,1209.00,On hold,"Fragile, handle with care"
DSP-02059,2026-06-18,Bordeaux,Storage box,79,1303.50,Dispatched,
DSP-02060,2026-06-19,Strasbourg,Storage box,80,1400.00,Packed,
DSP-02061,2026-06-20,Lyon,Cable kit,81,1498.50,On hold,
DSP-02062,2026-06-21,Lille,Cable kit,82,1599.00,Dispatched,
DSP-02063,2026-06-22,Nantes,Cable kit,83,1701.50,Packed,
DSP-02064,2026-06-23,Bordeaux,Cable kit,84,1806.00,On hold,
DSP-02065,2026-06-24,Strasbourg,Cable kit,85,1912.50,Dispatched,
DSP-02066,2026-06-25,Lyon,Monitor arm,86,2021.00,Packed,
DSP-02067,2026-06-26,Lille,Monitor arm,87,2131.50,On hold,
DSP-02068,2026-06-27,Nantes,Monitor arm,88,1100.00,Dispatched,
DSP-02069,2026-06-28,Bordeaux,Monitor arm,89,1201.50,Packed,
DSP-02070,2026-06-29,Strasbourg,Monitor arm,90,1305.00,On hold,
DSP-02071,2026-06-30,Lyon,Packing paper,1,15.50,Dispatched,
DSP-02072,2026-07-01,Lille,Packing paper,2,33.00,Packed,
DSP-02073,2026-07-02,Nantes,Packing paper,3,52.50,On hold,
DSP-02074,2026-07-03,Bordeaux,Packing paper,4,74.00,Dispatched,
DSP-02075,2026-07-04,Strasbourg,Packing paper,5,97.50,Packed,"Fragile, handle with care"
DSP-02076,2026-07-05,Lyon,Desk lamp,6,123.00,On hold,
DSP-02077,2026-07-06,Lille,Desk lamp,7,150.50,Dispatched,
DSP-02078,2026-07-07,Nantes,Desk lamp,8,180.00,Packed,"Dock 2
Morning delivery"
DSP-02079,2026-07-08,Bordeaux,Desk lamp,9,211.50,On hold,
DSP-02080,2026-07-09,Strasbourg,Desk lamp,10,245.00,Dispatched,
DSP-02081,2026-07-10,Lyon,Storage box,11,137.50,Packed,
DSP-02082,2026-07-11,Lille,Storage box,12,162.00,On hold,
DSP-02083,2026-07-12,Nantes,Storage box,13,188.50,Dispatched,
DSP-02084,2026-07-13,Bordeaux,Storage box,14,217.00,Packed,
DSP-02085,2026-07-14,Strasbourg,Storage box,15,247.50,On hold,
DSP-02086,2026-07-15,Lyon,Cable kit,16,280.00,Dispatched,
DSP-02087,2026-07-16,Lille,Cable kit,17,314.50,Packed,
DSP-02088,2026-07-17,Nantes,Cable kit,18,351.00,On hold,
DSP-02089,2026-07-18,Bordeaux,Cable kit,19,389.50,Dispatched,
DSP-02090,2026-07-19,Strasbourg,Cable kit,20,430.00,Packed,
DSP-02091,2026-07-20,Lyon,Monitor arm,21,472.50,On hold,
DSP-02092,2026-07-21,Lille,Monitor arm,22,517.00,Dispatched,"Fragile, handle with care"
DSP-02093,2026-07-22,Nantes,Monitor arm,23,563.50,Packed,
DSP-02094,2026-07-23,Bordeaux,Monitor arm,24,300.00,On hold,
DSP-02095,2026-07-24,Strasbourg,Monitor arm,25,337.50,Dispatched,
DSP-02096,2026-07-25,Lyon,Packing paper,26,377.00,Packed,
DSP-02097,2026-07-26,Lille,Packing paper,27,418.50,On hold,
DSP-02098,2026-07-27,Nantes,Packing paper,28,462.00,Dispatched,
DSP-02099,2026-07-28,Bordeaux,Packing paper,29,507.50,Packed,
DSP-02100,2026-07-29,Strasbourg,Packing paper,30,555.00,On hold,
DSP-02101,2026-07-30,Lyon,Desk lamp,31,604.50,Dispatched,
DSP-02102,2026-07-31,Lille,Desk lamp,32,656.00,Packed,
DSP-02103,2026-08-01,Nantes,Desk lamp,33,709.50,On hold,
DSP-02104,2026-08-02,Bordeaux,Desk lamp,34,765.00,Dispatched,
DSP-02105,2026-08-03,Strasbourg,Desk lamp,35,822.50,Packed,
DSP-02106,2026-08-04,Lyon,Storage box,36,882.00,On hold,
DSP-02107,2026-08-05,Lille,Storage box,37,462.50,Dispatched,
DSP-02108,2026-08-06,Nantes,Storage box,38,513.00,Packed,
DSP-02109,2026-08-07,Bordeaux,Storage box,39,565.50,On hold,"Fragile, handle with care"
DSP-02110,2026-08-08,Strasbourg,Storage box,40,620.00,Dispatched,
DSP-02111,2026-08-09,Lyon,Cable kit,41,676.50,Packed,
DSP-02112,2026-08-10,Lille,Cable kit,42,735.00,On hold,
DSP-02113,2026-08-11,Nantes,Cable kit,43,795.50,Dispatched,
DSP-02114,2026-08-12,Bordeaux,Cable kit,44,858.00,Packed,
DSP-02115,2026-08-13,Strasbourg,Cable kit,45,922.50,On hold,
DSP-02116,2026-08-14,Lyon,Monitor arm,46,989.00,Dispatched,
DSP-02117,2026-08-15,Lille,Monitor arm,47,1057.50,Packed,
DSP-02118,2026-08-16,Nantes,Monitor arm,48,1128.00,On hold,
DSP-02119,2026-08-17,Bordeaux,Monitor arm,49,1200.50,Dispatched,
DSP-02120,2026-08-18,Strasbourg,Monitor arm,50,625.00,Packed,
DSP-02121,2026-08-19,Lyon,Packing paper,51,688.50,On hold,
DSP-02122,2026-08-20,Lille,Packing paper,52,754.00,Dispatched,
DSP-02123,2026-08-21,Nantes,Packing paper,53,821.50,Packed,
DSP-02124,2026-08-22,Bordeaux,Packing paper,54,891.00,On hold,
DSP-02125,2026-08-23,Strasbourg,Packing paper,55,962.50,Dispatched,
DSP-02126,2026-08-24,Lyon,Desk lamp,56,1036.00,Packed,"Fragile, handle with care"
DSP-02127,2026-08-25,Lille,Desk lamp,57,1111.50,On hold,
DSP-02128,2026-08-26,Nantes,Desk lamp,58,1189.00,Dispatched,
DSP-02129,2026-08-27,Bordeaux,Desk lamp,59,1268.50,Packed,
DSP-02130,2026-08-28,Strasbourg,Desk lamp,60,1350.00,On hold,
DSP-02131,2026-08-29,Lyon,Storage box,61,1433.50,Dispatched,
DSP-02132,2026-08-30,Lille,Storage box,62,1519.00,Packed,
DSP-02133,2026-08-31,Nantes,Storage box,63,787.50,On hold,
DSP-02134,2026-09-01,Bordeaux,Storage box,64,864.00,Dispatched,
DSP-02135,2026-09-02,Strasbourg,Storage box,65,942.50,Packed,
DSP-02136,2026-09-03,Lyon,Cable kit,66,1023.00,On hold,
DSP-02137,2026-09-04,Lille,Cable kit,67,1105.50,Dispatched,
DSP-02138,2026-09-05,Nantes,Cable kit,68,1190.00,Packed,
DSP-02139,2026-09-06,Bordeaux,Cable kit,69,1276.50,On hold,
DSP-02140,2026-09-07,Strasbourg,Cable kit,70,1365.00,Dispatched,"Dock 2
Morning delivery"
DSP-02141,2026-09-08,Lyon,Monitor arm,71,1455.50,Packed,
DSP-02142,2026-09-09,Lille,Monitor arm,72,1548.00,On hold,
DSP-02143,2026-09-10,Nantes,Monitor arm,73,1642.50,Dispatched,"Fragile, handle with care"
DSP-02144,2026-09-11,Bordeaux,Monitor arm,74,1739.00,Packed,
DSP-02145,2026-09-12,Strasbourg,Monitor arm,75,1837.50,On hold,
DSP-02146,2026-09-13,Lyon,Packing paper,76,950.00,Dispatched,
DSP-02147,2026-09-14,Lille,Packing paper,77,1039.50,Packed,
DSP-02148,2026-09-15,Nantes,Packing paper,78,1131.00,On hold,
DSP-02149,2026-09-16,Bordeaux,Packing paper,79,1224.50,Dispatched,
DSP-02150,2026-09-17,Strasbourg,Packing paper,80,1320.00,Packed,
DSP-02151,2026-09-18,Lyon,Desk lamp,81,1417.50,On hold,
DSP-02152,2026-09-19,Lille,Desk lamp,82,1517.00,Dispatched,
DSP-02153,2026-09-20,Nantes,Desk lamp,83,1618.50,Packed,
DSP-02154,2026-09-21,Bordeaux,Desk lamp,84,1722.00,On hold,
DSP-02155,2026-09-22,Strasbourg,Desk lamp,85,1827.50,Dispatched,
DSP-02156,2026-09-23,Lyon,Storage box,86,1935.00,Packed,
DSP-02157,2026-09-24,Lille,Storage box,87,2044.50,On hold,
DSP-02158,2026-09-25,Nantes,Storage box,88,2156.00,Dispatched,
DSP-02159,2026-09-26,Bordeaux,Storage box,89,1112.50,Packed,
DSP-02160,2026-09-27,Strasbourg,Storage box,90,1215.00,On hold,"Fragile, handle with care"
DSP-02161,2026-01-01,Lyon,Cable kit,1,14.50,Dispatched,
DSP-02162,2026-01-02,Lille,Cable kit,2,31.00,Packed,
DSP-02163,2026-01-03,Nantes,Cable kit,3,49.50,On hold,
DSP-02164,2026-01-04,Bordeaux,Cable kit,4,70.00,Dispatched,
DSP-02165,2026-01-05,Strasbourg,Cable kit,5,92.50,Packed,
DSP-02166,2026-01-06,Lyon,Monitor arm,6,117.00,On hold,
DSP-02167,2026-01-07,Lille,Monitor arm,7,143.50,Dispatched,
DSP-02168,2026-01-08,Nantes,Monitor arm,8,172.00,Packed,
DSP-02169,2026-01-09,Bordeaux,Monitor arm,9,202.50,On hold,
DSP-02170,2026-01-10,Strasbourg,Monitor arm,10,235.00,Dispatched,
DSP-02171,2026-01-11,Lyon,Packing paper,11,269.50,Packed,"Dock 2
Morning delivery"
DSP-02172,2026-01-12,Lille,Packing paper,12,150.00,On hold,
DSP-02173,2026-01-13,Nantes,Packing paper,13,175.50,Dispatched,
DSP-02174,2026-01-14,Bordeaux,Packing paper,14,203.00,Packed,
DSP-02175,2026-01-15,Strasbourg,Packing paper,15,232.50,On hold,
DSP-02176,2026-01-16,Lyon,Desk lamp,16,264.00,Dispatched,
DSP-02177,2026-01-17,Lille,Desk lamp,17,297.50,Packed,"Fragile, handle with care"
DSP-02178,2026-01-18,Nantes,Desk lamp,18,333.00,On hold,
DSP-02179,2026-01-19,Bordeaux,Desk lamp,19,370.50,Dispatched,
DSP-02180,2026-01-20,Strasbourg,Desk lamp,20,410.00,Packed,
DSP-02181,2026-01-21,Lyon,Storage box,21,451.50,On hold,
DSP-02182,2026-01-22,Lille,Storage box,22,495.00,Dispatched,
DSP-02183,2026-01-23,Nantes,Storage box,23,540.50,Packed,
DSP-02184,2026-01-24,Bordeaux,Storage box,24,588.00,On hold,
DSP-02185,2026-01-25,Strasbourg,Storage box,25,312.50,Dispatched,
DSP-02186,2026-01-26,Lyon,Cable kit,26,351.00,Packed,
DSP-02187,2026-01-27,Lille,Cable kit,27,391.50,On hold,
DSP-02188,2026-01-28,Nantes,Cable kit,28,434.00,Dispatched,
DSP-02189,2026-01-29,Bordeaux,Cable kit,29,478.50,Packed,
DSP-02190,2026-01-30,Strasbourg,Cable kit,30,525.00,On hold,
DSP-02191,2026-01-31,Lyon,Monitor arm,31,573.50,Dispatched,
DSP-02192,2026-02-01,Lille,Monitor arm,32,624.00,Packed,
DSP-02193,2026-02-02,Nantes,Monitor arm,33,676.50,On hold,
DSP-02194,2026-02-03,Bordeaux,Monitor arm,34,731.00,Dispatched,"Fragile, handle with care"
DSP-02195,2026-02-04,Strasbourg,Monitor arm,35,787.50,Packed,
DSP-02196,2026-02-05,Lyon,Packing paper,36,846.00,On hold,
DSP-02197,2026-02-06,Lille,Packing paper,37,906.50,Dispatched,
DSP-02198,2026-02-07,Nantes,Packing paper,38,475.00,Packed,
DSP-02199,2026-02-08,Bordeaux,Packing paper,39,526.50,On hold,
DSP-02200,2026-02-09,Strasbourg,Packing paper,40,580.00,Dispatched,
DSP-02201,2026-02-10,Lyon,Desk lamp,41,635.50,Packed,
DSP-02202,2026-02-11,Lille,Desk lamp,42,693.00,On hold,"Dock 2
Morning delivery"
DSP-02203,2026-02-12,Nantes,Desk lamp,43,752.50,Dispatched,
DSP-02204,2026-02-13,Bordeaux,Desk lamp,44,814.00,Packed,
DSP-02205,2026-02-14,Strasbourg,Desk lamp,45,877.50,On hold,
DSP-02206,2026-02-15,Lyon,Storage box,46,943.00,Dispatched,
DSP-02207,2026-02-16,Lille,Storage box,47,1010.50,Packed,
DSP-02208,2026-02-17,Nantes,Storage box,48,1080.00,On hold,
DSP-02209,2026-02-18,Bordeaux,Storage box,49,1151.50,Dispatched,
DSP-02210,2026-02-19,Strasbourg,Storage box,50,1225.00,Packed,
DSP-02211,2026-02-20,Lyon,Cable kit,51,637.50,On hold,"Fragile, handle with care"
DSP-02212,2026-02-21,Lille,Cable kit,52,702.00,Dispatched,
DSP-02213,2026-02-22,Nantes,Cable kit,53,768.50,Packed,
DSP-02214,2026-02-23,Bordeaux,Cable kit,54,837.00,On hold,
DSP-02215,2026-02-24,Strasbourg,Cable kit,55,907.50,Dispatched,
DSP-02216,2026-02-25,Lyon,Monitor arm,56,980.00,Packed,
DSP-02217,2026-02-26,Lille,Monitor arm,57,1054.50,On hold,
DSP-02218,2026-02-27,Nantes,Monitor arm,58,1131.00,Dispatched,
DSP-02219,2026-02-28,Bordeaux,Monitor arm,59,1209.50,Packed,
DSP-02220,2026-03-01,Strasbourg,Monitor arm,60,1290.00,On hold,
DSP-02221,2026-03-02,Lyon,Packing paper,61,1372.50,Dispatched,
DSP-02222,2026-03-03,Lille,Packing paper,62,1457.00,Packed,
DSP-02223,2026-03-04,Nantes,Packing paper,63,1543.50,On hold,
DSP-02224,2026-03-05,Bordeaux,Packing paper,64,800.00,Dispatched,
DSP-02225,2026-03-06,Strasbourg,Packing paper,65,877.50,Packed,
DSP-02226,2026-03-07,Lyon,Desk lamp,66,957.00,On hold,
DSP-02227,2026-03-08,Lille,Desk lamp,67,1038.50,Dispatched,
DSP-02228,2026-03-09,Nantes,Desk lamp,68,1122.00,Packed,"Fragile, handle with care"
DSP-02229,2026-03-10,Bordeaux,Desk lamp,69,1207.50,On hold,
DSP-02230,2026-03-11,Strasbourg,Desk lamp,70,1295.00,Dispatched,
DSP-02231,2026-03-12,Lyon,Storage box,71,1384.50,Packed,
DSP-02232,2026-03-13,Lille,Storage box,72,1476.00,On hold,
DSP-02233,2026-03-14,Nantes,Storage box,73,1569.50,Dispatched,"Dock 2
Morning delivery"
DSP-02234,2026-03-15,Bordeaux,Storage box,74,1665.00,Packed,
DSP-02235,2026-03-16,Strasbourg,Storage box,75,1762.50,On hold,
DSP-02236,2026-03-17,Lyon,Cable kit,76,1862.00,Dispatched,
DSP-02237,2026-03-18,Lille,Cable kit,77,962.50,Packed,
DSP-02238,2026-03-19,Nantes,Cable kit,78,1053.00,On hold,
DSP-02239,2026-03-20,Bordeaux,Cable kit,79,1145.50,Dispatched,
DSP-02240,2026-03-21,Strasbourg,Cable kit,80,1240.00,Packed,
DSP-02241,2026-03-22,Lyon,Monitor arm,81,1336.50,On hold,
DSP-02242,2026-03-23,Lille,Monitor arm,82,1435.00,Dispatched,
DSP-02243,2026-03-24,Nantes,Monitor arm,83,1535.50,Packed,
DSP-02244,2026-03-25,Bordeaux,Monitor arm,84,1638.00,On hold,
DSP-02245,2026-03-26,Strasbourg,Monitor arm,85,1742.50,Dispatched,"Fragile, handle with care"
DSP-02246,2026-03-27,Lyon,Packing paper,86,1849.00,Packed,
DSP-02247,2026-03-28,Lille,Packing paper,87,1957.50,On hold,
DSP-02248,2026-03-29,Nantes,Packing paper,88,2068.00,Dispatched,
DSP-02249,2026-03-30,Bordeaux,Packing paper,89,2180.50,Packed,
DSP-02250,2026-03-31,Strasbourg,Packing paper,90,1125.00,On hold,
DSP-02251,2026-04-01,Lyon,Desk lamp,1,13.50,Dispatched,
DSP-02252,2026-04-02,Lille,Desk lamp,2,29.00,Packed,
DSP-02253,2026-04-03,Nantes,Desk lamp,3,46.50,On hold,
DSP-02254,2026-04-04,Bordeaux,Desk lamp,4,66.00,Dispatched,
DSP-02255,2026-04-05,Strasbourg,Desk lamp,5,87.50,Packed,
DSP-02256,2026-04-06,Lyon,Storage box,6,111.00,On hold,
DSP-02257,2026-04-07,Lille,Storage box,7,136.50,Dispatched,
DSP-02258,2026-04-08,Nantes,Storage box,8,164.00,Packed,
DSP-02259,2026-04-09,Bordeaux,Storage box,9,193.50,On hold,
DSP-02260,2026-04-10,Strasbourg,Storage box,10,225.00,Dispatched,
DSP-02261,2026-04-11,Lyon,Cable kit,11,258.50,Packed,
DSP-02262,2026-04-12,Lille,Cable kit,12,294.00,On hold,"Fragile, handle with care"
DSP-02263,2026-04-13,Nantes,Cable kit,13,162.50,Dispatched,
DSP-02264,2026-04-14,Bordeaux,Cable kit,14,189.00,Packed,"Dock 2
Morning delivery"
DSP-02265,2026-04-15,Strasbourg,Cable kit,15,217.50,On hold,
DSP-02266,2026-04-16,Lyon,Monitor arm,16,248.00,Dispatched,
DSP-02267,2026-04-17,Lille,Monitor arm,17,280.50,Packed,
DSP-02268,2026-04-18,Nantes,Monitor arm,18,315.00,On hold,
DSP-02269,2026-04-19,Bordeaux,Monitor arm,19,351.50,Dispatched,
DSP-02270,2026-04-20,Strasbourg,Monitor arm,20,390.00,Packed,
DSP-02271,2026-04-21,Lyon,Packing paper,21,430.50,On hold,
DSP-02272,2026-04-22,Lille,Packing paper,22,473.00,Dispatched,
DSP-02273,2026-04-23,Nantes,Packing paper,23,517.50,Packed,
DSP-02274,2026-04-24,Bordeaux,Packing paper,24,564.00,On hold,
DSP-02275,2026-04-25,Strasbourg,Packing paper,25,612.50,Dispatched,
DSP-02276,2026-04-26,Lyon,Desk lamp,26,325.00,Packed,
DSP-02277,2026-04-27,Lille,Desk lamp,27,364.50,On hold,
DSP-02278,2026-04-28,Nantes,Desk lamp,28,406.00,Dispatched,
DSP-02279,2026-04-29,Bordeaux,Desk lamp,29,449.50,Packed,"Fragile, handle with care"
DSP-02280,2026-04-30,Strasbourg,Desk lamp,30,495.00,On hold,
DSP-02281,2026-05-01,Lyon,Storage box,31,542.50,Dispatched,
DSP-02282,2026-05-02,Lille,Storage box,32,592.00,Packed,
DSP-02283,2026-05-03,Nantes,Storage box,33,643.50,On hold,
DSP-02284,2026-05-04,Bordeaux,Storage box,34,697.00,Dispatched,
DSP-02285,2026-05-05,Strasbourg,Storage box,35,752.50,Packed,
DSP-02286,2026-05-06,Lyon,Cable kit,36,810.00,On hold,
DSP-02287,2026-05-07,Lille,Cable kit,37,869.50,Dispatched,
DSP-02288,2026-05-08,Nantes,Cable kit,38,931.00,Packed,
DSP-02289,2026-05-09,Bordeaux,Cable kit,39,487.50,On hold,
DSP-02290,2026-05-10,Strasbourg,Cable kit,40,540.00,Dispatched,
DSP-02291,2026-05-11,Lyon,Monitor arm,41,594.50,Packed,
DSP-02292,2026-05-12,Lille,Monitor arm,42,651.00,On hold,
DSP-02293,2026-05-13,Nantes,Monitor arm,43,709.50,Dispatched,
DSP-02294,2026-05-14,Bordeaux,Monitor arm,44,770.00,Packed,
DSP-02295,2026-05-15,Strasbourg,Monitor arm,45,832.50,On hold,"Dock 2
Morning delivery"
DSP-02296,2026-05-16,Lyon,Packing paper,46,897.00,Dispatched,"Fragile, handle with care"
DSP-02297,2026-05-17,Lille,Packing paper,47,963.50,Packed,
DSP-02298,2026-05-18,Nantes,Packing paper,48,1032.00,On hold,
DSP-02299,2026-05-19,Bordeaux,Packing paper,49,1102.50,Dispatched,
DSP-02300,2026-05-20,Strasbourg,Packing paper,50,1175.00,Packed,
DSP-02301,2026-05-21,Lyon,Desk lamp,51,1249.50,On hold,
DSP-02302,2026-05-22,Lille,Desk lamp,52,650.00,Dispatched,
DSP-02303,2026-05-23,Nantes,Desk lamp,53,715.50,Packed,
DSP-02304,2026-05-24,Bordeaux,Desk lamp,54,783.00,On hold,
DSP-02305,2026-05-25,Strasbourg,Desk lamp,55,852.50,Dispatched,
DSP-02306,2026-05-26,Lyon,Storage box,56,924.00,Packed,
DSP-02307,2026-05-27,Lille,Storage box,57,997.50,On hold,
DSP-02308,2026-05-28,Nantes,Storage box,58,1073.00,Dispatched,
DSP-02309,2026-05-29,Bordeaux,Storage box,59,1150.50,Packed,
DSP-02310,2026-05-30,Strasbourg,Storage box,60,1230.00,On hold,
DSP-02311,2026-05-31,Lyon,Cable kit,61,1311.50,Dispatched,
DSP-02312,2026-06-01,Lille,Cable kit,62,1395.00,Packed,
DSP-02313,2026-06-02,Nantes,Cable kit,63,1480.50,On hold,"Fragile, handle with care"
DSP-02314,2026-06-03,Bordeaux,Cable kit,64,1568.00,Dispatched,
DSP-02315,2026-06-04,Strasbourg,Cable kit,65,812.50,Packed,
DSP-02316,2026-06-05,Lyon,Monitor arm,66,891.00,On hold,
DSP-02317,2026-06-06,Lille,Monitor arm,67,971.50,Dispatched,
DSP-02318,2026-06-07,Nantes,Monitor arm,68,1054.00,Packed,
DSP-02319,2026-06-08,Bordeaux,Monitor arm,69,1138.50,On hold,
DSP-02320,2026-06-09,Strasbourg,Monitor arm,70,1225.00,Dispatched,
DSP-02321,2026-06-10,Lyon,Packing paper,71,1313.50,Packed,
DSP-02322,2026-06-11,Lille,Packing paper,72,1404.00,On hold,
DSP-02323,2026-06-12,Nantes,Packing paper,73,1496.50,Dispatched,
DSP-02324,2026-06-13,Bordeaux,Packing paper,74,1591.00,Packed,
DSP-02325,2026-06-14,Strasbourg,Packing paper,75,1687.50,On hold,
DSP-02326,2026-06-15,Lyon,Desk lamp,76,1786.00,Dispatched,"Dock 2
Morning delivery"
DSP-02327,2026-06-16,Lille,Desk lamp,77,1886.50,Packed,
DSP-02328,2026-06-17,Nantes,Desk lamp,78,975.00,On hold,
DSP-02329,2026-06-18,Bordeaux,Desk lamp,79,1066.50,Dispatched,
DSP-02330,2026-06-19,Strasbourg,Desk lamp,80,1160.00,Packed,"Fragile, handle with care"
DSP-02331,2026-06-20,Lyon,Storage box,81,1255.50,On hold,
DSP-02332,2026-06-21,Lille,Storage box,82,1353.00,Dispatched,
DSP-02333,2026-06-22,Nantes,Storage box,83,1452.50,Packed,
DSP-02334,2026-06-23,Bordeaux,Storage box,84,1554.00,On hold,
DSP-02335,2026-06-24,Strasbourg,Storage box,85,1657.50,Dispatched,
DSP-02336,2026-06-25,Lyon,Cable kit,86,1763.00,Packed,
DSP-02337,2026-06-26,Lille,Cable kit,87,1870.50,On hold,
DSP-02338,2026-06-27,Nantes,Cable kit,88,1980.00,Dispatched,
DSP-02339,2026-06-28,Bordeaux,Cable kit,89,2091.50,Packed,
DSP-02340,2026-06-29,Strasbourg,Cable kit,90,2205.00,On hold,
DSP-02341,2026-06-30,Lyon,Monitor arm,1,12.50,Dispatched,
DSP-02342,2026-07-01,Lille,Monitor arm,2,27.00,Packed,
DSP-02343,2026-07-02,Nantes,Monitor arm,3,43.50,On hold,
DSP-02344,2026-07-03,Bordeaux,Monitor arm,4,62.00,Dispatched,
DSP-02345,2026-07-04,Strasbourg,Monitor arm,5,82.50,Packed,
DSP-02346,2026-07-05,Lyon,Packing paper,6,105.00,On hold,
DSP-02347,2026-07-06,Lille,Packing paper,7,129.50,Dispatched,"Fragile, handle with care"
DSP-02348,2026-07-07,Nantes,Packing paper,8,156.00,Packed,
DSP-02349,2026-07-08,Bordeaux,Packing paper,9,184.50,On hold,
DSP-02350,2026-07-09,Strasbourg,Packing paper,10,215.00,Dispatched,
DSP-02351,2026-07-10,Lyon,Desk lamp,11,247.50,Packed,
DSP-02352,2026-07-11,Lille,Desk lamp,12,282.00,On hold,
DSP-02353,2026-07-12,Nantes,Desk lamp,13,318.50,Dispatched,
DSP-02354,2026-07-13,Bordeaux,Desk lamp,14,175.00,Packed,
DSP-02355,2026-07-14,Strasbourg,Desk lamp,15,202.50,On hold,
DSP-02356,2026-07-15,Lyon,Storage box,16,232.00,Dispatched,
DSP-02357,2026-07-16,Lille,Storage box,17,263.50,Packed,"Dock 2
Morning delivery"
DSP-02358,2026-07-17,Nantes,Storage box,18,297.00,On hold,
DSP-02359,2026-07-18,Bordeaux,Storage box,19,332.50,Dispatched,
DSP-02360,2026-07-19,Strasbourg,Storage box,20,370.00,Packed,
DSP-02361,2026-07-20,Lyon,Cable kit,21,409.50,On hold,
DSP-02362,2026-07-21,Lille,Cable kit,22,451.00,Dispatched,
DSP-02363,2026-07-22,Nantes,Cable kit,23,494.50,Packed,
DSP-02364,2026-07-23,Bordeaux,Cable kit,24,540.00,On hold,"Fragile, handle with care"
DSP-02365,2026-07-24,Strasbourg,Cable kit,25,587.50,Dispatched,
DSP-02366,2026-07-25,Lyon,Monitor arm,26,637.00,Packed,
DSP-02367,2026-07-26,Lille,Monitor arm,27,337.50,On hold,
DSP-02368,2026-07-27,Nantes,Monitor arm,28,378.00,Dispatched,
DSP-02369,2026-07-28,Bordeaux,Monitor arm,29,420.50,Packed,
DSP-02370,2026-07-29,Strasbourg,Monitor arm,30,465.00,On hold,
DSP-02371,2026-07-30,Lyon,Packing paper,31,511.50,Dispatched,
DSP-02372,2026-07-31,Lille,Packing paper,32,560.00,Packed,
DSP-02373,2026-08-01,Nantes,Packing paper,33,610.50,On hold,
DSP-02374,2026-08-02,Bordeaux,Packing paper,34,663.00,Dispatched,
DSP-02375,2026-08-03,Strasbourg,Packing paper,35,717.50,Packed,
DSP-02376,2026-08-04,Lyon,Desk lamp,36,774.00,On hold,
DSP-02377,2026-08-05,Lille,Desk lamp,37,832.50,Dispatched,
DSP-02378,2026-08-06,Nantes,Desk lamp,38,893.00,Packed,
DSP-02379,2026-08-07,Bordeaux,Desk lamp,39,955.50,On hold,
DSP-02380,2026-08-08,Strasbourg,Desk lamp,40,500.00,Dispatched,
DSP-02381,2026-08-09,Lyon,Storage box,41,553.50,Packed,"Fragile, handle with care"
DSP-02382,2026-08-10,Lille,Storage box,42,609.00,On hold,
DSP-02383,2026-08-11,Nantes,Storage box,43,666.50,Dispatched,
DSP-02384,2026-08-12,Bordeaux,Storage box,44,726.00,Packed,
DSP-02385,2026-08-13,Strasbourg,Storage box,45,787.50,On hold,
DSP-02386,2026-08-14,Lyon,Cable kit,46,851.00,Dispatched,
DSP-02387,2026-08-15,Lille,Cable kit,47,916.50,Packed,
DSP-02388,2026-08-16,Nantes,Cable kit,48,984.00,On hold,"Dock 2
Morning delivery"
DSP-02389,2026-08-17,Bordeaux,Cable kit,49,1053.50,Dispatched,
DSP-02390,2026-08-18,Strasbourg,Cable kit,50,1125.00,Packed,
DSP-02391,2026-08-19,Lyon,Monitor arm,51,1198.50,On hold,
DSP-02392,2026-08-20,Lille,Monitor arm,52,1274.00,Dispatched,
DSP-02393,2026-08-21,Nantes,Monitor arm,53,662.50,Packed,
DSP-02394,2026-08-22,Bordeaux,Monitor arm,54,729.00,On hold,
DSP-02395,2026-08-23,Strasbourg,Monitor arm,55,797.50,Dispatched,
DSP-02396,2026-08-24,Lyon,Packing paper,56,868.00,Packed,
DSP-02397,2026-08-25,Lille,Packing paper,57,940.50,On hold,
DSP-02398,2026-08-26,Nantes,Packing paper,58,1015.00,Dispatched,"Fragile, handle with care"
DSP-02399,2026-08-27,Bordeaux,Packing paper,59,1091.50,Packed,
DSP-02400,2026-08-28,Strasbourg,Packing paper,60,1170.00,On hold,
DSP-02401,2026-08-29,Lyon,Desk lamp,61,1250.50,Dispatched,
DSP-02402,2026-08-30,Lille,Desk lamp,62,1333.00,Packed,
DSP-02403,2026-08-31,Nantes,Desk lamp,63,1417.50,On hold,
DSP-02404,2026-09-01,Bordeaux,Desk lamp,64,1504.00,Dispatched,
DSP-02405,2026-09-02,Strasbourg,Desk lamp,65,1592.50,Packed,
DSP-02406,2026-09-03,Lyon,Storage box,66,825.00,On hold,
DSP-02407,2026-09-04,Lille,Storage box,67,904.50,Dispatched,
DSP-02408,2026-09-05,Nantes,Storage box,68,986.00,Packed,
DSP-02409,2026-09-06,Bordeaux,Storage box,69,1069.50,On hold,
DSP-02410,2026-09-07,Strasbourg,Storage box,70,1155.00,Dispatched,
DSP-02411,2026-09-08,Lyon,Cable kit,71,1242.50,Packed,
DSP-02412,2026-09-09,Lille,Cable kit,72,1332.00,On hold,
DSP-02413,2026-09-10,Nantes,Cable kit,73,1423.50,Dispatched,
DSP-02414,2026-09-11,Bordeaux,Cable kit,74,1517.00,Packed,
DSP-02415,2026-09-12,Strasbourg,Cable kit,75,1612.50,On hold,"Fragile, handle with care"
DSP-02416,2026-09-13,Lyon,Monitor arm,76,1710.00,Dispatched,
DSP-02417,2026-09-14,Lille,Monitor arm,77,1809.50,Packed,
DSP-02418,2026-09-15,Nantes,Monitor arm,78,1911.00,On hold,
DSP-02419,2026-09-16,Bordeaux,Monitor arm,79,987.50,Dispatched,"Dock 2
Morning delivery"
DSP-02420,2026-09-17,Strasbourg,Monitor arm,80,1080.00,Packed,
DSP-02421,2026-09-18,Lyon,Packing paper,81,1174.50,On hold,
DSP-02422,2026-09-19,Lille,Packing paper,82,1271.00,Dispatched,
DSP-02423,2026-09-20,Nantes,Packing paper,83,1369.50,Packed,
DSP-02424,2026-09-21,Bordeaux,Packing paper,84,1470.00,On hold,
DSP-02425,2026-09-22,Strasbourg,Packing paper,85,1572.50,Dispatched,
DSP-02426,2026-09-23,Lyon,Desk lamp,86,1677.00,Packed,
DSP-02427,2026-09-24,Lille,Desk lamp,87,1783.50,On hold,
DSP-02428,2026-09-25,Nantes,Desk lamp,88,1892.00,Dispatched,
DSP-02429,2026-09-26,Bordeaux,Desk lamp,89,2002.50,Packed,
DSP-02430,2026-09-27,Strasbourg,Desk lamp,90,2115.00,On hold,
DSP-02431,2026-01-01,Lyon,Storage box,1,24.50,Dispatched,
DSP-02432,2026-01-02,Lille,Storage box,2,25.00,Packed,"Fragile, handle with care"
DSP-02433,2026-01-03,Nantes,Storage box,3,40.50,On hold,
DSP-02434,2026-01-04,Bordeaux,Storage box,4,58.00,Dispatched,
DSP-02435,2026-01-05,Strasbourg,Storage box,5,77.50,Packed,
DSP-02436,2026-01-06,Lyon,Cable kit,6,99.00,On hold,
DSP-02437,2026-01-07,Lille,Cable kit,7,122.50,Dispatched,
DSP-02438,2026-01-08,Nantes,Cable kit,8,148.00,Packed,
DSP-02439,2026-01-09,Bordeaux,Cable kit,9,175.50,On hold,
DSP-02440,2026-01-10,Strasbourg,Cable kit,10,205.00,Dispatched,
DSP-02441,2026-01-11,Lyon,Monitor arm,11,236.50,Packed,
DSP-02442,2026-01-12,Lille,Monitor arm,12,270.00,On hold,
DSP-02443,2026-01-13,Nantes,Monitor arm,13,305.50,Dispatched,
DSP-02444,2026-01-14,Bordeaux,Monitor arm,14,343.00,Packed,
DSP-02445,2026-01-15,Strasbourg,Monitor arm,15,187.50,On hold,
DSP-02446,2026-01-16,Lyon,Packing paper,16,216.00,Dispatched,
DSP-02447,2026-01-17,Lille,Packing paper,17,246.50,Packed,
DSP-02448,2026-01-18,Nantes,Packing paper,18,279.00,On hold,
DSP-02449,2026-01-19,Bordeaux,Packing paper,19,313.50,Dispatched,"Fragile, handle with care"
DSP-02450,2026-01-20,Strasbourg,Packing paper,20,350.00,Packed,"Dock 2
Morning delivery"
DSP-02451,2026-01-21,Lyon,Desk lamp,21,388.50,On hold,
DSP-02452,2026-01-22,Lille,Desk lamp,22,429.00,Dispatched,
DSP-02453,2026-01-23,Nantes,Desk lamp,23,471.50,Packed,
DSP-02454,2026-01-24,Bordeaux,Desk lamp,24,516.00,On hold,
DSP-02455,2026-01-25,Strasbourg,Desk lamp,25,562.50,Dispatched,
DSP-02456,2026-01-26,Lyon,Storage box,26,611.00,Packed,
DSP-02457,2026-01-27,Lille,Storage box,27,661.50,On hold,
DSP-02458,2026-01-28,Nantes,Storage box,28,350.00,Dispatched,
DSP-02459,2026-01-29,Bordeaux,Storage box,29,391.50,Packed,
DSP-02460,2026-01-30,Strasbourg,Storage box,30,435.00,On hold,
DSP-02461,2026-01-31,Lyon,Cable kit,31,480.50,Dispatched,
DSP-02462,2026-02-01,Lille,Cable kit,32,528.00,Packed,
DSP-02463,2026-02-02,Nantes,Cable kit,33,577.50,On hold,
DSP-02464,2026-02-03,Bordeaux,Cable kit,34,629.00,Dispatched,
DSP-02465,2026-02-04,Strasbourg,Cable kit,35,682.50,Packed,
DSP-02466,2026-02-05,Lyon,Monitor arm,36,738.00,On hold,"Fragile, handle with care"
DSP-02467,2026-02-06,Lille,Monitor arm,37,795.50,Dispatched,
DSP-02468,2026-02-07,Nantes,Monitor arm,38,855.00,Packed,
DSP-02469,2026-02-08,Bordeaux,Monitor arm,39,916.50,On hold,
DSP-02470,2026-02-09,Strasbourg,Monitor arm,40,980.00,Dispatched,
DSP-02471,2026-02-10,Lyon,Packing paper,41,512.50,Packed,
DSP-02472,2026-02-11,Lille,Packing paper,42,567.00,On hold,
DSP-02473,2026-02-12,Nantes,Packing paper,43,623.50,Dispatched,
DSP-02474,2026-02-13,Bordeaux,Packing paper,44,682.00,Packed,
DSP-02475,2026-02-14,Strasbourg,Packing paper,45,742.50,On hold,
DSP-02476,2026-02-15,Lyon,Desk lamp,46,805.00,Dispatched,
DSP-02477,2026-02-16,Lille,Desk lamp,47,869.50,Packed,
DSP-02478,2026-02-17,Nantes,Desk lamp,48,936.00,On hold,
DSP-02479,2026-02-18,Bordeaux,Desk lamp,49,1004.50,Dispatched,
DSP-02480,2026-02-19,Strasbourg,Desk lamp,50,1075.00,Packed,
DSP-02481,2026-02-20,Lyon,Storage box,51,1147.50,On hold,"Dock 2
Morning delivery"
DSP-02482,2026-02-21,Lille,Storage box,52,1222.00,Dispatched,
DSP-02483,2026-02-22,Nantes,Storage box,53,1298.50,Packed,"Fragile, handle with care"
DSP-02484,2026-02-23,Bordeaux,Storage box,54,675.00,On hold,
DSP-02485,2026-02-24,Strasbourg,Storage box,55,742.50,Dispatched,
DSP-02486,2026-02-25,Lyon,Cable kit,56,812.00,Packed,
DSP-02487,2026-02-26,Lille,Cable kit,57,883.50,On hold,
DSP-02488,2026-02-27,Nantes,Cable kit,58,957.00,Dispatched,
DSP-02489,2026-02-28,Bordeaux,Cable kit,59,1032.50,Packed,
DSP-02490,2026-03-01,Strasbourg,Cable kit,60,1110.00,On hold,
DSP-02491,2026-03-02,Lyon,Monitor arm,61,1189.50,Dispatched,
DSP-02492,2026-03-03,Lille,Monitor arm,62,1271.00,Packed,
DSP-02493,2026-03-04,Nantes,Monitor arm,63,1354.50,On hold,
DSP-02494,2026-03-05,Bordeaux,Monitor arm,64,1440.00,Dispatched,
DSP-02495,2026-03-06,Strasbourg,Monitor arm,65,1527.50,Packed,
DSP-02496,2026-03-07,Lyon,Packing paper,66,1617.00,On hold,
DSP-02497,2026-03-08,Lille,Packing paper,67,837.50,Dispatched,
DSP-02498,2026-03-09,Nantes,Packing paper,68,918.00,Packed,
DSP-02499,2026-03-10,Bordeaux,Packing paper,69,1000.50,On hold,
DSP-02500,2026-03-11,Strasbourg,Packing paper,70,1085.00,Dispatched,"Fragile, handle with care"
DSP-02501,2026-03-12,Lyon,Desk lamp,71,1171.50,Packed,
DSP-02502,2026-03-13,Lille,Desk lamp,72,1260.00,On hold,
DSP-02503,2026-03-14,Nantes,Desk lamp,73,1350.50,Dispatched,
DSP-02504,2026-03-15,Bordeaux,Desk lamp,74,1443.00,Packed,
DSP-02505,2026-03-16,Strasbourg,Desk lamp,75,1537.50,On hold,
DSP-02506,2026-03-17,Lyon,Storage box,76,1634.00,Dispatched,
DSP-02507,2026-03-18,Lille,Storage box,77,1732.50,Packed,
DSP-02508,2026-03-19,Nantes,Storage box,78,1833.00,On hold,
DSP-02509,2026-03-20,Bordeaux,Storage box,79,1935.50,Dispatched,
DSP-02510,2026-03-21,Strasbourg,Storage box,80,1000.00,Packed,
DSP-02511,2026-03-22,Lyon,Cable kit,81,1093.50,On hold,
DSP-02512,2026-03-23,Lille,Cable kit,82,1189.00,Dispatched,"Dock 2
Morning delivery"
DSP-02513,2026-03-24,Nantes,Cable kit,83,1286.50,Packed,
DSP-02514,2026-03-25,Bordeaux,Cable kit,84,1386.00,On hold,
DSP-02515,2026-03-26,Strasbourg,Cable kit,85,1487.50,Dispatched,
DSP-02516,2026-03-27,Lyon,Monitor arm,86,1591.00,Packed,
DSP-02517,2026-03-28,Lille,Monitor arm,87,1696.50,On hold,"Fragile, handle with care"
DSP-02518,2026-03-29,Nantes,Monitor arm,88,1804.00,Dispatched,
DSP-02519,2026-03-30,Bordeaux,Monitor arm,89,1913.50,Packed,
DSP-02520,2026-03-31,Strasbourg,Monitor arm,90,2025.00,On hold,
DSP-02521,2026-04-01,Lyon,Packing paper,1,23.50,Dispatched,
DSP-02522,2026-04-02,Lille,Packing paper,2,49.00,Packed,
DSP-02523,2026-04-03,Nantes,Packing paper,3,37.50,On hold,
DSP-02524,2026-04-04,Bordeaux,Packing paper,4,54.00,Dispatched,
DSP-02525,2026-04-05,Strasbourg,Packing paper,5,72.50,Packed,
DSP-02526,2026-04-06,Lyon,Desk lamp,6,93.00,On hold,
DSP-02527,2026-04-07,Lille,Desk lamp,7,115.50,Dispatched,
DSP-02528,2026-04-08,Nantes,Desk lamp,8,140.00,Packed,
DSP-02529,2026-04-09,Bordeaux,Desk lamp,9,166.50,On hold,
DSP-02530,2026-04-10,Strasbourg,Desk lamp,10,195.00,Dispatched,
DSP-02531,2026-04-11,Lyon,Storage box,11,225.50,Packed,
DSP-02532,2026-04-12,Lille,Storage box,12,258.00,On hold,
DSP-02533,2026-04-13,Nantes,Storage box,13,292.50,Dispatched,
DSP-02534,2026-04-14,Bordeaux,Storage box,14,329.00,Packed,"Fragile, handle with care"
DSP-02535,2026-04-15,Strasbourg,Storage box,15,367.50,On hold,
DSP-02536,2026-04-16,Lyon,Cable kit,16,200.00,Dispatched,
DSP-02537,2026-04-17,Lille,Cable kit,17,229.50,Packed,
DSP-02538,2026-04-18,Nantes,Cable kit,18,261.00,On hold,
DSP-02539,2026-04-19,Bordeaux,Cable kit,19,294.50,Dispatched,
DSP-02540,2026-04-20,Strasbourg,Cable kit,20,330.00,Packed,
DSP-02541,2026-04-21,Lyon,Monitor arm,21,367.50,On hold,
DSP-02542,2026-04-22,Lille,Monitor arm,22,407.00,Dispatched,
DSP-02543,2026-04-23,Nantes,Monitor arm,23,448.50,Packed,"Dock 2
Morning delivery"
DSP-02544,2026-04-24,Bordeaux,Monitor arm,24,492.00,On hold,
DSP-02545,2026-04-25,Strasbourg,Monitor arm,25,537.50,Dispatched,
DSP-02546,2026-04-26,Lyon,Packing paper,26,585.00,Packed,
DSP-02547,2026-04-27,Lille,Packing paper,27,634.50,On hold,
DSP-02548,2026-04-28,Nantes,Packing paper,28,686.00,Dispatched,
DSP-02549,2026-04-29,Bordeaux,Packing paper,29,362.50,Packed,
DSP-02550,2026-04-30,Strasbourg,Packing paper,30,405.00,On hold,
DSP-02551,2026-05-01,Lyon,Desk lamp,31,449.50,Dispatched,"Fragile, handle with care"
DSP-02552,2026-05-02,Lille,Desk lamp,32,496.00,Packed,
DSP-02553,2026-05-03,Nantes,Desk lamp,33,544.50,On hold,
DSP-02554,2026-05-04,Bordeaux,Desk lamp,34,595.00,Dispatched,
DSP-02555,2026-05-05,Strasbourg,Desk lamp,35,647.50,Packed,
DSP-02556,2026-05-06,Lyon,Storage box,36,702.00,On hold,
DSP-02557,2026-05-07,Lille,Storage box,37,758.50,Dispatched,
DSP-02558,2026-05-08,Nantes,Storage box,38,817.00,Packed,
DSP-02559,2026-05-09,Bordeaux,Storage box,39,877.50,On hold,
DSP-02560,2026-05-10,Strasbourg,Storage box,40,940.00,Dispatched,
DSP-02561,2026-05-11,Lyon,Cable kit,41,1004.50,Packed,
DSP-02562,2026-05-12,Lille,Cable kit,42,525.00,On hold,
DSP-02563,2026-05-13,Nantes,Cable kit,43,580.50,Dispatched,
DSP-02564,2026-05-14,Bordeaux,Cable kit,44,638.00,Packed,
DSP-02565,2026-05-15,Strasbourg,Cable kit,45,697.50,On hold,
DSP-02566,2026-05-16,Lyon,Monitor arm,46,759.00,Dispatched,
DSP-02567,2026-05-17,Lille,Monitor arm,47,822.50,Packed,
DSP-02568,2026-05-18,Nantes,Monitor arm,48,888.00,On hold,"Fragile, handle with care"
DSP-02569,2026-05-19,Bordeaux,Monitor arm,49,955.50,Dispatched,
DSP-02570,2026-05-20,Strasbourg,Monitor arm,50,1025.00,Packed,
DSP-02571,2026-05-21,Lyon,Packing paper,51,1096.50,On hold,
DSP-02572,2026-05-22,Lille,Packing paper,52,1170.00,Dispatched,
DSP-02573,2026-05-23,Nantes,Packing paper,53,1245.50,Packed,
DSP-02574,2026-05-24,Bordeaux,Packing paper,54,1323.00,On hold,"Dock 2
Morning delivery"
DSP-02575,2026-05-25,Strasbourg,Packing paper,55,687.50,Dispatched,
DSP-02576,2026-05-26,Lyon,Desk lamp,56,756.00,Packed,
DSP-02577,2026-05-27,Lille,Desk lamp,57,826.50,On hold,
DSP-02578,2026-05-28,Nantes,Desk lamp,58,899.00,Dispatched,
DSP-02579,2026-05-29,Bordeaux,Desk lamp,59,973.50,Packed,
DSP-02580,2026-05-30,Strasbourg,Desk lamp,60,1050.00,On hold,
DSP-02581,2026-05-31,Lyon,Storage box,61,1128.50,Dispatched,
DSP-02582,2026-06-01,Lille,Storage box,62,1209.00,Packed,
DSP-02583,2026-06-02,Nantes,Storage box,63,1291.50,On hold,
DSP-02584,2026-06-03,Bordeaux,Storage box,64,1376.00,Dispatched,
DSP-02585,2026-06-04,Strasbourg,Storage box,65,1462.50,Packed,"Fragile, handle with care"
DSP-02586,2026-06-05,Lyon,Cable kit,66,1551.00,On hold,
DSP-02587,2026-06-06,Lille,Cable kit,67,1641.50,Dispatched,
DSP-02588,2026-06-07,Nantes,Cable kit,68,850.00,Packed,
DSP-02589,2026-06-08,Bordeaux,Cable kit,69,931.50,On hold,
DSP-02590,2026-06-09,Strasbourg,Cable kit,70,1015.00,Dispatched,
DSP-02591,2026-06-10,Lyon,Monitor arm,71,1100.50,Packed,
DSP-02592,2026-06-11,Lille,Monitor arm,72,1188.00,On hold,
DSP-02593,2026-06-12,Nantes,Monitor arm,73,1277.50,Dispatched,
DSP-02594,2026-06-13,Bordeaux,Monitor arm,74,1369.00,Packed,
DSP-02595,2026-06-14,Strasbourg,Monitor arm,75,1462.50,On hold,
DSP-02596,2026-06-15,Lyon,Packing paper,76,1558.00,Dispatched,
DSP-02597,2026-06-16,Lille,Packing paper,77,1655.50,Packed,
DSP-02598,2026-06-17,Nantes,Packing paper,78,1755.00,On hold,
DSP-02599,2026-06-18,Bordeaux,Packing paper,79,1856.50,Dispatched,
DSP-02600,2026-06-19,Strasbourg,Packing paper,80,1960.00,Packed,
DSP-02601,2026-06-20,Lyon,Desk lamp,81,1012.50,On hold,
DSP-02602,2026-06-21,Lille,Desk lamp,82,1107.00,Dispatched,"Fragile, handle with care"
DSP-02603,2026-06-22,Nantes,Desk lamp,83,1203.50,Packed,
DSP-02604,2026-06-23,Bordeaux,Desk lamp,84,1302.00,On hold,
DSP-02605,2026-06-24,Strasbourg,Desk lamp,85,1402.50,Dispatched,"Dock 2
Morning delivery"
DSP-02606,2026-06-25,Lyon,Storage box,86,1505.00,Packed,
DSP-02607,2026-06-26,Lille,Storage box,87,1609.50,On hold,
DSP-02608,2026-06-27,Nantes,Storage box,88,1716.00,Dispatched,
DSP-02609,2026-06-28,Bordeaux,Storage box,89,1824.50,Packed,
DSP-02610,2026-06-29,Strasbourg,Storage box,90,1935.00,On hold,
DSP-02611,2026-06-30,Lyon,Cable kit,1,22.50,Dispatched,
DSP-02612,2026-07-01,Lille,Cable kit,2,47.00,Packed,
DSP-02613,2026-07-02,Nantes,Cable kit,3,73.50,On hold,
DSP-02614,2026-07-03,Bordeaux,Cable kit,4,50.00,Dispatched,
DSP-02615,2026-07-04,Strasbourg,Cable kit,5,67.50,Packed,
DSP-02616,2026-07-05,Lyon,Monitor arm,6,87.00,On hold,
DSP-02617,2026-07-06,Lille,Monitor arm,7,108.50,Dispatched,
DSP-02618,2026-07-07,Nantes,Monitor arm,8,132.00,Packed,
DSP-02619,2026-07-08,Bordeaux,Monitor arm,9,157.50,On hold,"Fragile, handle with care"
DSP-02620,2026-07-09,Strasbourg,Monitor arm,10,185.00,Dispatched,
DSP-02621,2026-07-10,Lyon,Packing paper,11,214.50,Packed,
DSP-02622,2026-07-11,Lille,Packing paper,12,246.00,On hold,
DSP-02623,2026-07-12,Nantes,Packing paper,13,279.50,Dispatched,
DSP-02624,2026-07-13,Bordeaux,Packing paper,14,315.00,Packed,
DSP-02625,2026-07-14,Strasbourg,Packing paper,15,352.50,On hold,
DSP-02626,2026-07-15,Lyon,Desk lamp,16,392.00,Dispatched,
DSP-02627,2026-07-16,Lille,Desk lamp,17,212.50,Packed,
DSP-02628,2026-07-17,Nantes,Desk lamp,18,243.00,On hold,
DSP-02629,2026-07-18,Bordeaux,Desk lamp,19,275.50,Dispatched,
DSP-02630,2026-07-19,Strasbourg,Desk lamp,20,310.00,Packed,
DSP-02631,2026-07-20,Lyon,Storage box,21,346.50,On hold,
DSP-02632,2026-07-21,Lille,Storage box,22,385.00,Dispatched,
DSP-02633,2026-07-22,Nantes,Storage box,23,425.50,Packed,
DSP-02634,2026-07-23,Bordeaux,Storage box,24,468.00,On hold,
DSP-02635,2026-07-24,Strasbourg,Storage box,25,512.50,Dispatched,
DSP-02636,2026-07-25,Lyon,Cable kit,26,559.00,Packed,"Fragile, handle with care"
DSP-02637,2026-07-26,Lille,Cable kit,27,607.50,On hold,
DSP-02638,2026-07-27,Nantes,Cable kit,28,658.00,Dispatched,
DSP-02639,2026-07-28,Bordeaux,Cable kit,29,710.50,Packed,
DSP-02640,2026-07-29,Strasbourg,Cable kit,30,375.00,On hold,
DSP-02641,2026-07-30,Lyon,Monitor arm,31,418.50,Dispatched,
DSP-02642,2026-07-31,Lille,Monitor arm,32,464.00,Packed,
DSP-02643,2026-08-01,Nantes,Monitor arm,33,511.50,On hold,
DSP-02644,2026-08-02,Bordeaux,Monitor arm,34,561.00,Dispatched,
DSP-02645,2026-08-03,Strasbourg,Monitor arm,35,612.50,Packed,
DSP-02646,2026-08-04,Lyon,Packing paper,36,666.00,On hold,
DSP-02647,2026-08-05,Lille,Packing paper,37,721.50,Dispatched,
DSP-02648,2026-08-06,Nantes,Packing paper,38,779.00,Packed,
DSP-02649,2026-08-07,Bordeaux,Packing paper,39,838.50,On hold,
DSP-02650,2026-08-08,Strasbourg,Packing paper,40,900.00,Dispatched,
DSP-02651,2026-08-09,Lyon,Desk lamp,41,963.50,Packed,
DSP-02652,2026-08-10,Lille,Desk lamp,42,1029.00,On hold,
DSP-02653,2026-08-11,Nantes,Desk lamp,43,537.50,Dispatched,"Fragile, handle with care"
DSP-02654,2026-08-12,Bordeaux,Desk lamp,44,594.00,Packed,
DSP-02655,2026-08-13,Strasbourg,Desk lamp,45,652.50,On hold,
DSP-02656,2026-08-14,Lyon,Storage box,46,713.00,Dispatched,
DSP-02657,2026-08-15,Lille,Storage box,47,775.50,Packed,
DSP-02658,2026-08-16,Nantes,Storage box,48,840.00,On hold,
DSP-02659,2026-08-17,Bordeaux,Storage box,49,906.50,Dispatched,
DSP-02660,2026-08-18,Strasbourg,Storage box,50,975.00,Packed,
DSP-02661,2026-08-19,Lyon,Cable kit,51,1045.50,On hold,
DSP-02662,2026-08-20,Lille,Cable kit,52,1118.00,Dispatched,
DSP-02663,2026-08-21,Nantes,Cable kit,53,1192.50,Packed,
DSP-02664,2026-08-22,Bordeaux,Cable kit,54,1269.00,On hold,
DSP-02665,2026-08-23,Strasbourg,Cable kit,55,1347.50,Dispatched,
DSP-02666,2026-08-24,Lyon,Monitor arm,56,700.00,Packed,
DSP-02667,2026-08-25,Lille,Monitor arm,57,769.50,On hold,"Dock 2
Morning delivery"
DSP-02668,2026-08-26,Nantes,Monitor arm,58,841.00,Dispatched,
DSP-02669,2026-08-27,Bordeaux,Monitor arm,59,914.50,Packed,
DSP-02670,2026-08-28,Strasbourg,Monitor arm,60,990.00,On hold,"Fragile, handle with care"
DSP-02671,2026-08-29,Lyon,Packing paper,61,1067.50,Dispatched,
DSP-02672,2026-08-30,Lille,Packing paper,62,1147.00,Packed,
DSP-02673,2026-08-31,Nantes,Packing paper,63,1228.50,On hold,
DSP-02674,2026-09-01,Bordeaux,Packing paper,64,1312.00,Dispatched,
DSP-02675,2026-09-02,Strasbourg,Packing paper,65,1397.50,Packed,
DSP-02676,2026-09-03,Lyon,Desk lamp,66,1485.00,On hold,
DSP-02677,2026-09-04,Lille,Desk lamp,67,1574.50,Dispatched,
DSP-02678,2026-09-05,Nantes,Desk lamp,68,1666.00,Packed,
DSP-02679,2026-09-06,Bordeaux,Desk lamp,69,862.50,On hold,
DSP-02680,2026-09-07,Strasbourg,Desk lamp,70,945.00,Dispatched,
DSP-02681,2026-09-08,Lyon,Storage box,71,1029.50,Packed,
DSP-02682,2026-09-09,Lille,Storage box,72,1116.00,On hold,
DSP-02683,2026-09-10,Nantes,Storage box,73,1204.50,Dispatched,
DSP-02684,2026-09-11,Bordeaux,Storage box,74,1295.00,Packed,
DSP-02685,2026-09-12,Strasbourg,Storage box,75,1387.50,On hold,
DSP-02686,2026-09-13,Lyon,Cable kit,76,1482.00,Dispatched,
DSP-02687,2026-09-14,Lille,Cable kit,77,1578.50,Packed,"Fragile, handle with care"
DSP-02688,2026-09-15,Nantes,Cable kit,78,1677.00,On hold,
DSP-02689,2026-09-16,Bordeaux,Cable kit,79,1777.50,Dispatched,
DSP-02690,2026-09-17,Strasbourg,Cable kit,80,1880.00,Packed,
DSP-02691,2026-09-18,Lyon,Monitor arm,81,1984.50,On hold,
DSP-02692,2026-09-19,Lille,Monitor arm,82,1025.00,Dispatched,
DSP-02693,2026-09-20,Nantes,Monitor arm,83,1120.50,Packed,
DSP-02694,2026-09-21,Bordeaux,Monitor arm,84,1218.00,On hold,
DSP-02695,2026-09-22,Strasbourg,Monitor arm,85,1317.50,Dispatched,
DSP-02696,2026-09-23,Lyon,Packing paper,86,1419.00,Packed,
DSP-02697,2026-09-24,Lille,Packing paper,87,1522.50,On hold,
DSP-02698,2026-09-25,Nantes,Packing paper,88,1628.00,Dispatched,"Dock 2
Morning delivery"
DSP-02699,2026-09-26,Bordeaux,Packing paper,89,1735.50,Packed,
DSP-02700,2026-09-27,Strasbourg,Packing paper,90,1845.00,On hold,
DSP-02701,2026-01-01,Lyon,Desk lamp,1,21.50,Dispatched,
DSP-02702,2026-01-02,Lille,Desk lamp,2,45.00,Packed,
DSP-02703,2026-01-03,Nantes,Desk lamp,3,70.50,On hold,
DSP-02704,2026-01-04,Bordeaux,Desk lamp,4,98.00,Dispatched,"Fragile, handle with care"
DSP-02705,2026-01-05,Strasbourg,Desk lamp,5,62.50,Packed,
DSP-02706,2026-01-06,Lyon,Storage box,6,81.00,On hold,
DSP-02707,2026-01-07,Lille,Storage box,7,101.50,Dispatched,
DSP-02708,2026-01-08,Nantes,Storage box,8,124.00,Packed,
DSP-02709,2026-01-09,Bordeaux,Storage box,9,148.50,On hold,
DSP-02710,2026-01-10,Strasbourg,Storage box,10,175.00,Dispatched,
DSP-02711,2026-01-11,Lyon,Cable kit,11,203.50,Packed,
DSP-02712,2026-01-12,Lille,Cable kit,12,234.00,On hold,
DSP-02713,2026-01-13,Nantes,Cable kit,13,266.50,Dispatched,
DSP-02714,2026-01-14,Bordeaux,Cable kit,14,301.00,Packed,
DSP-02715,2026-01-15,Strasbourg,Cable kit,15,337.50,On hold,
DSP-02716,2026-01-16,Lyon,Monitor arm,16,376.00,Dispatched,
DSP-02717,2026-01-17,Lille,Monitor arm,17,416.50,Packed,
DSP-02718,2026-01-18,Nantes,Monitor arm,18,225.00,On hold,
DSP-02719,2026-01-19,Bordeaux,Monitor arm,19,256.50,Dispatched,
DSP-02720,2026-01-20,Strasbourg,Monitor arm,20,290.00,Packed,
DSP-02721,2026-01-21,Lyon,Packing paper,21,325.50,On hold,"Fragile, handle with care"
DSP-02722,2026-01-22,Lille,Packing paper,22,363.00,Dispatched,
DSP-02723,2026-01-23,Nantes,Packing paper,23,402.50,Packed,
DSP-02724,2026-01-24,Bordeaux,Packing paper,24,444.00,On hold,
DSP-02725,2026-01-25,Strasbourg,Packing paper,25,487.50,Dispatched,
DSP-02726,2026-01-26,Lyon,Desk lamp,26,533.00,Packed,
DSP-02727,2026-01-27,Lille,Desk lamp,27,580.50,On hold,
DSP-02728,2026-01-28,Nantes,Desk lamp,28,630.00,Dispatched,
DSP-02729,2026-01-29,Bordeaux,Desk lamp,29,681.50,Packed,"Dock 2
Morning delivery"
DSP-02730,2026-01-30,Strasbourg,Desk lamp,30,735.00,On hold,
DSP-02731,2026-01-31,Lyon,Storage box,31,387.50,Dispatched,
DSP-02732,2026-02-01,Lille,Storage box,32,432.00,Packed,
DSP-02733,2026-02-02,Nantes,Storage box,33,478.50,On hold,
DSP-02734,2026-02-03,Bordeaux,Storage box,34,527.00,Dispatched,
DSP-02735,2026-02-04,Strasbourg,Storage box,35,577.50,Packed,
DSP-02736,2026-02-05,Lyon,Cable kit,36,630.00,On hold,
DSP-02737,2026-02-06,Lille,Cable kit,37,684.50,Dispatched,
DSP-02738,2026-02-07,Nantes,Cable kit,38,741.00,Packed,"Fragile, handle with care"
DSP-02739,2026-02-08,Bordeaux,Cable kit,39,799.50,On hold,
DSP-02740,2026-02-09,Strasbourg,Cable kit,40,860.00,Dispatched,
DSP-02741,2026-02-10,Lyon,Monitor arm,41,922.50,Packed,
DSP-02742,2026-02-11,Lille,Monitor arm,42,987.00,On hold,
DSP-02743,2026-02-12,Nantes,Monitor arm,43,1053.50,Dispatched,
DSP-02744,2026-02-13,Bordeaux,Monitor arm,44,550.00,Packed,
DSP-02745,2026-02-14,Strasbourg,Monitor arm,45,607.50,On hold,
DSP-02746,2026-02-15,Lyon,Packing paper,46,667.00,Dispatched,
DSP-02747,2026-02-16,Lille,Packing paper,47,728.50,Packed,
DSP-02748,2026-02-17,Nantes,Packing paper,48,792.00,On hold,
DSP-02749,2026-02-18,Bordeaux,Packing paper,49,857.50,Dispatched,
DSP-02750,2026-02-19,Strasbourg,Packing paper,50,925.00,Packed,
DSP-02751,2026-02-20,Lyon,Desk lamp,51,994.50,On hold,
DSP-02752,2026-02-21,Lille,Desk lamp,52,1066.00,Dispatched,
DSP-02753,2026-02-22,Nantes,Desk lamp,53,1139.50,Packed,
DSP-02754,2026-02-23,Bordeaux,Desk lamp,54,1215.00,On hold,
DSP-02755,2026-02-24,Strasbourg,Desk lamp,55,1292.50,Dispatched,"Fragile, handle with care"
DSP-02756,2026-02-25,Lyon,Storage box,56,1372.00,Packed,
DSP-02757,2026-02-26,Lille,Storage box,57,712.50,On hold,
DSP-02758,2026-02-27,Nantes,Storage box,58,783.00,Dispatched,
DSP-02759,2026-02-28,Bordeaux,Storage box,59,855.50,Packed,
DSP-02760,2026-03-01,Strasbourg,Storage box,60,930.00,On hold,"Dock 2
Morning delivery"
DSP-02761,2026-03-02,Lyon,Cable kit,61,1006.50,Dispatched,
DSP-02762,2026-03-03,Lille,Cable kit,62,1085.00,Packed,
DSP-02763,2026-03-04,Nantes,Cable kit,63,1165.50,On hold,
DSP-02764,2026-03-05,Bordeaux,Cable kit,64,1248.00,Dispatched,
DSP-02765,2026-03-06,Strasbourg,Cable kit,65,1332.50,Packed,
DSP-02766,2026-03-07,Lyon,Monitor arm,66,1419.00,On hold,
DSP-02767,2026-03-08,Lille,Monitor arm,67,1507.50,Dispatched,
DSP-02768,2026-03-09,Nantes,Monitor arm,68,1598.00,Packed,
DSP-02769,2026-03-10,Bordeaux,Monitor arm,69,1690.50,On hold,
DSP-02770,2026-03-11,Strasbourg,Monitor arm,70,875.00,Dispatched,
DSP-02771,2026-03-12,Lyon,Packing paper,71,958.50,Packed,
DSP-02772,2026-03-13,Lille,Packing paper,72,1044.00,On hold,"Fragile, handle with care"
DSP-02773,2026-03-14,Nantes,Packing paper,73,1131.50,Dispatched,
DSP-02774,2026-03-15,Bordeaux,Packing paper,74,1221.00,Packed,
DSP-02775,2026-03-16,Strasbourg,Packing paper,75,1312.50,On hold,
DSP-02776,2026-03-17,Lyon,Desk lamp,76,1406.00,Dispatched,
DSP-02777,2026-03-18,Lille,Desk lamp,77,1501.50,Packed,
DSP-02778,2026-03-19,Nantes,Desk lamp,78,1599.00,On hold,
DSP-02779,2026-03-20,Bordeaux,Desk lamp,79,1698.50,Dispatched,
DSP-02780,2026-03-21,Strasbourg,Desk lamp,80,1800.00,Packed,
DSP-02781,2026-03-22,Lyon,Storage box,81,1903.50,On hold,
DSP-02782,2026-03-23,Lille,Storage box,82,2009.00,Dispatched,
DSP-02783,2026-03-24,Nantes,Storage box,83,1037.50,Packed,
DSP-02784,2026-03-25,Bordeaux,Storage box,84,1134.00,On hold,
DSP-02785,2026-03-26,Strasbourg,Storage box,85,1232.50,Dispatched,
DSP-02786,2026-03-27,Lyon,Cable kit,86,1333.00,Packed,
DSP-02787,2026-03-28,Lille,Cable kit,87,1435.50,On hold,
DSP-02788,2026-03-29,Nantes,Cable kit,88,1540.00,Dispatched,
DSP-02789,2026-03-30,Bordeaux,Cable kit,89,1646.50,Packed,"Fragile, handle with care"
DSP-02790,2026-03-31,Strasbourg,Cable kit,90,1755.00,On hold,
DSP-02791,2026-04-01,Lyon,Monitor arm,1,20.50,Dispatched,"Dock 2
Morning delivery"
DSP-02792,2026-04-02,Lille,Monitor arm,2,43.00,Packed,
DSP-02793,2026-04-03,Nantes,Monitor arm,3,67.50,On hold,
DSP-02794,2026-04-04,Bordeaux,Monitor arm,4,94.00,Dispatched,
DSP-02795,2026-04-05,Strasbourg,Monitor arm,5,122.50,Packed,
DSP-02796,2026-04-06,Lyon,Packing paper,6,75.00,On hold,
DSP-02797,2026-04-07,Lille,Packing paper,7,94.50,Dispatched,
DSP-02798,2026-04-08,Nantes,Packing paper,8,116.00,Packed,
DSP-02799,2026-04-09,Bordeaux,Packing paper,9,139.50,On hold,
DSP-02800,2026-04-10,Strasbourg,Packing paper,10,165.00,Dispatched,
DSP-02801,2026-04-11,Lyon,Desk lamp,11,192.50,Packed,
DSP-02802,2026-04-12,Lille,Desk lamp,12,222.00,On hold,
DSP-02803,2026-04-13,Nantes,Desk lamp,13,253.50,Dispatched,
DSP-02804,2026-04-14,Bordeaux,Desk lamp,14,287.00,Packed,
DSP-02805,2026-04-15,Strasbourg,Desk lamp,15,322.50,On hold,
DSP-02806,2026-04-16,Lyon,Storage box,16,360.00,Dispatched,"Fragile, handle with care"
DSP-02807,2026-04-17,Lille,Storage box,17,399.50,Packed,
DSP-02808,2026-04-18,Nantes,Storage box,18,441.00,On hold,
DSP-02809,2026-04-19,Bordeaux,Storage box,19,237.50,Dispatched,
DSP-02810,2026-04-20,Strasbourg,Storage box,20,270.00,Packed,
DSP-02811,2026-04-21,Lyon,Cable kit,21,304.50,On hold,
DSP-02812,2026-04-22,Lille,Cable kit,22,341.00,Dispatched,
DSP-02813,2026-04-23,Nantes,Cable kit,23,379.50,Packed,
DSP-02814,2026-04-24,Bordeaux,Cable kit,24,420.00,On hold,
DSP-02815,2026-04-25,Strasbourg,Cable kit,25,462.50,Dispatched,
DSP-02816,2026-04-26,Lyon,Monitor arm,26,507.00,Packed,
DSP-02817,2026-04-27,Lille,Monitor arm,27,553.50,On hold,
DSP-02818,2026-04-28,Nantes,Monitor arm,28,602.00,Dispatched,
DSP-02819,2026-04-29,Bordeaux,Monitor arm,29,652.50,Packed,
DSP-02820,2026-04-30,Strasbourg,Monitor arm,30,705.00,On hold,
DSP-02821,2026-05-01,Lyon,Packing paper,31,759.50,Dispatched,
DSP-02822,2026-05-02,Lille,Packing paper,32,400.00,Packed,"Dock 2
Morning delivery"
DSP-02823,2026-05-03,Nantes,Packing paper,33,445.50,On hold,"Fragile, handle with care"
DSP-02824,2026-05-04,Bordeaux,Packing paper,34,493.00,Dispatched,
DSP-02825,2026-05-05,Strasbourg,Packing paper,35,542.50,Packed,
DSP-02826,2026-05-06,Lyon,Desk lamp,36,594.00,On hold,
DSP-02827,2026-05-07,Lille,Desk lamp,37,647.50,Dispatched,
DSP-02828,2026-05-08,Nantes,Desk lamp,38,703.00,Packed,
DSP-02829,2026-05-09,Bordeaux,Desk lamp,39,760.50,On hold,
DSP-02830,2026-05-10,Strasbourg,Desk lamp,40,820.00,Dispatched,
DSP-02831,2026-05-11,Lyon,Storage box,41,881.50,Packed,
DSP-02832,2026-05-12,Lille,Storage box,42,945.00,On hold,
DSP-02833,2026-05-13,Nantes,Storage box,43,1010.50,Dispatched,
DSP-02834,2026-05-14,Bordeaux,Storage box,44,1078.00,Packed,
DSP-02835,2026-05-15,Strasbourg,Storage box,45,562.50,On hold,
DSP-02836,2026-05-16,Lyon,Cable kit,46,621.00,Dispatched,
DSP-02837,2026-05-17,Lille,Cable kit,47,681.50,Packed,
DSP-02838,2026-05-18,Nantes,Cable kit,48,744.00,On hold,
DSP-02839,2026-05-19,Bordeaux,Cable kit,49,808.50,Dispatched,
DSP-02840,2026-05-20,Strasbourg,Cable kit,50,875.00,Packed,"Fragile, handle with care"
DSP-02841,2026-05-21,Lyon,Monitor arm,51,943.50,On hold,
DSP-02842,2026-05-22,Lille,Monitor arm,52,1014.00,Dispatched,
DSP-02843,2026-05-23,Nantes,Monitor arm,53,1086.50,Packed,
DSP-02844,2026-05-24,Bordeaux,Monitor arm,54,1161.00,On hold,
DSP-02845,2026-05-25,Strasbourg,Monitor arm,55,1237.50,Dispatched,
DSP-02846,2026-05-26,Lyon,Packing paper,56,1316.00,Packed,
DSP-02847,2026-05-27,Lille,Packing paper,57,1396.50,On hold,
DSP-02848,2026-05-28,Nantes,Packing paper,58,725.00,Dispatched,
DSP-02849,2026-05-29,Bordeaux,Packing paper,59,796.50,Packed,
DSP-02850,2026-05-30,Strasbourg,Packing paper,60,870.00,On hold,
DSP-02851,2026-05-31,Lyon,Desk lamp,61,945.50,Dispatched,
DSP-02852,2026-06-01,Lille,Desk lamp,62,1023.00,Packed,
DSP-02853,2026-06-02,Nantes,Desk lamp,63,1102.50,On hold,"Dock 2
Morning delivery"
DSP-02854,2026-06-03,Bordeaux,Desk lamp,64,1184.00,Dispatched,
DSP-02855,2026-06-04,Strasbourg,Desk lamp,65,1267.50,Packed,
DSP-02856,2026-06-05,Lyon,Storage box,66,1353.00,On hold,
DSP-02857,2026-06-06,Lille,Storage box,67,1440.50,Dispatched,"Fragile, handle with care"
DSP-02858,2026-06-07,Nantes,Storage box,68,1530.00,Packed,
DSP-02859,2026-06-08,Bordeaux,Storage box,69,1621.50,On hold,
DSP-02860,2026-06-09,Strasbourg,Storage box,70,1715.00,Dispatched,
DSP-02861,2026-06-10,Lyon,Cable kit,71,887.50,Packed,
DSP-02862,2026-06-11,Lille,Cable kit,72,972.00,On hold,
DSP-02863,2026-06-12,Nantes,Cable kit,73,1058.50,Dispatched,
DSP-02864,2026-06-13,Bordeaux,Cable kit,74,1147.00,Packed,
DSP-02865,2026-06-14,Strasbourg,Cable kit,75,1237.50,On hold,
DSP-02866,2026-06-15,Lyon,Monitor arm,76,1330.00,Dispatched,
DSP-02867,2026-06-16,Lille,Monitor arm,77,1424.50,Packed,
DSP-02868,2026-06-17,Nantes,Monitor arm,78,1521.00,On hold,
DSP-02869,2026-06-18,Bordeaux,Monitor arm,79,1619.50,Dispatched,
DSP-02870,2026-06-19,Strasbourg,Monitor arm,80,1720.00,Packed,
DSP-02871,2026-06-20,Lyon,Packing paper,81,1822.50,On hold,
DSP-02872,2026-06-21,Lille,Packing paper,82,1927.00,Dispatched,
DSP-02873,2026-06-22,Nantes,Packing paper,83,2033.50,Packed,
DSP-02874,2026-06-23,Bordeaux,Packing paper,84,1050.00,On hold,"Fragile, handle with care"
DSP-02875,2026-06-24,Strasbourg,Packing paper,85,1147.50,Dispatched,
DSP-02876,2026-06-25,Lyon,Desk lamp,86,1247.00,Packed,
DSP-02877,2026-06-26,Lille,Desk lamp,87,1348.50,On hold,
DSP-02878,2026-06-27,Nantes,Desk lamp,88,1452.00,Dispatched,
DSP-02879,2026-06-28,Bordeaux,Desk lamp,89,1557.50,Packed,
DSP-02880,2026-06-29,Strasbourg,Desk lamp,90,1665.00,On hold,
DSP-02881,2026-06-30,Lyon,Storage box,1,19.50,Dispatched,
DSP-02882,2026-07-01,Lille,Storage box,2,41.00,Packed,
DSP-02883,2026-07-02,Nantes,Storage box,3,64.50,On hold,
DSP-02884,2026-07-03,Bordeaux,Storage box,4,90.00,Dispatched,"Dock 2
Morning delivery"
DSP-02885,2026-07-04,Strasbourg,Storage box,5,117.50,Packed,
DSP-02886,2026-07-05,Lyon,Cable kit,6,147.00,On hold,
DSP-02887,2026-07-06,Lille,Cable kit,7,87.50,Dispatched,
DSP-02888,2026-07-07,Nantes,Cable kit,8,108.00,Packed,
DSP-02889,2026-07-08,Bordeaux,Cable kit,9,130.50,On hold,
DSP-02890,2026-07-09,Strasbourg,Cable kit,10,155.00,Dispatched,
DSP-02891,2026-07-10,Lyon,Monitor arm,11,181.50,Packed,"Fragile, handle with care"
DSP-02892,2026-07-11,Lille,Monitor arm,12,210.00,On hold,
DSP-02893,2026-07-12,Nantes,Monitor arm,13,240.50,Dispatched,
DSP-02894,2026-07-13,Bordeaux,Monitor arm,14,273.00,Packed,
DSP-02895,2026-07-14,Strasbourg,Monitor arm,15,307.50,On hold,
DSP-02896,2026-07-15,Lyon,Packing paper,16,344.00,Dispatched,
DSP-02897,2026-07-16,Lille,Packing paper,17,382.50,Packed,
DSP-02898,2026-07-17,Nantes,Packing paper,18,423.00,On hold,
DSP-02899,2026-07-18,Bordeaux,Packing paper,19,465.50,Dispatched,
DSP-02900,2026-07-19,Strasbourg,Packing paper,20,250.00,Packed,
DSP-02901,2026-07-20,Lyon,Desk lamp,21,283.50,On hold,
DSP-02902,2026-07-21,Lille,Desk lamp,22,319.00,Dispatched,
DSP-02903,2026-07-22,Nantes,Desk lamp,23,356.50,Packed,
DSP-02904,2026-07-23,Bordeaux,Desk lamp,24,396.00,On hold,
DSP-02905,2026-07-24,Strasbourg,Desk lamp,25,437.50,Dispatched,
DSP-02906,2026-07-25,Lyon,Storage box,26,481.00,Packed,
DSP-02907,2026-07-26,Lille,Storage box,27,526.50,On hold,
DSP-02908,2026-07-27,Nantes,Storage box,28,574.00,Dispatched,"Fragile, handle with care"
DSP-02909,2026-07-28,Bordeaux,Storage box,29,623.50,Packed,
DSP-02910,2026-07-29,Strasbourg,Storage box,30,675.00,On hold,
DSP-02911,2026-07-30,Lyon,Cable kit,31,728.50,Dispatched,
DSP-02912,2026-07-31,Lille,Cable kit,32,784.00,Packed,
DSP-02913,2026-08-01,Nantes,Cable kit,33,412.50,On hold,
DSP-02914,2026-08-02,Bordeaux,Cable kit,34,459.00,Dispatched,
DSP-02915,2026-08-03,Strasbourg,Cable kit,35,507.50,Packed,"Dock 2
Morning delivery"
DSP-02916,2026-08-04,Lyon,Monitor arm,36,558.00,On hold,
DSP-02917,2026-08-05,Lille,Monitor arm,37,610.50,Dispatched,
DSP-02918,2026-08-06,Nantes,Monitor arm,38,665.00,Packed,
DSP-02919,2026-08-07,Bordeaux,Monitor arm,39,721.50,On hold,
DSP-02920,2026-08-08,Strasbourg,Monitor arm,40,780.00,Dispatched,
DSP-02921,2026-08-09,Lyon,Packing paper,41,840.50,Packed,
DSP-02922,2026-08-10,Lille,Packing paper,42,903.00,On hold,
DSP-02923,2026-08-11,Nantes,Packing paper,43,967.50,Dispatched,
DSP-02924,2026-08-12,Bordeaux,Packing paper,44,1034.00,Packed,
DSP-02925,2026-08-13,Strasbourg,Packing paper,45,1102.50,On hold,"Fragile, handle with care"
DSP-02926,2026-08-14,Lyon,Desk lamp,46,575.00,Dispatched,
DSP-02927,2026-08-15,Lille,Desk lamp,47,634.50,Packed,
DSP-02928,2026-08-16,Nantes,Desk lamp,48,696.00,On hold,
DSP-02929,2026-08-17,Bordeaux,Desk lamp,49,759.50,Dispatched,
DSP-02930,2026-08-18,Strasbourg,Desk lamp,50,825.00,Packed,
DSP-02931,2026-08-19,Lyon,Storage box,51,892.50,On hold,
DSP-02932,2026-08-20,Lille,Storage box,52,962.00,Dispatched,
DSP-02933,2026-08-21,Nantes,Storage box,53,1033.50,Packed,
DSP-02934,2026-08-22,Bordeaux,Storage box,54,1107.00,On hold,
DSP-02935,2026-08-23,Strasbourg,Storage box,55,1182.50,Dispatched,
DSP-02936,2026-08-24,Lyon,Cable kit,56,1260.00,Packed,
DSP-02937,2026-08-25,Lille,Cable kit,57,1339.50,On hold,
DSP-02938,2026-08-26,Nantes,Cable kit,58,1421.00,Dispatched,
DSP-02939,2026-08-27,Bordeaux,Cable kit,59,737.50,Packed,
DSP-02940,2026-08-28,Strasbourg,Cable kit,60,810.00,On hold,
DSP-02941,2026-08-29,Lyon,Monitor arm,61,884.50,Dispatched,
DSP-02942,2026-08-30,Lille,Monitor arm,62,961.00,Packed,"Fragile, handle with care"
DSP-02943,2026-08-31,Nantes,Monitor arm,63,1039.50,On hold,
DSP-02944,2026-09-01,Bordeaux,Monitor arm,64,1120.00,Dispatched,
DSP-02945,2026-09-02,Strasbourg,Monitor arm,65,1202.50,Packed,
DSP-02946,2026-09-03,Lyon,Packing paper,66,1287.00,On hold,"Dock 2
Morning delivery"
DSP-02947,2026-09-04,Lille,Packing paper,67,1373.50,Dispatched,
DSP-02948,2026-09-05,Nantes,Packing paper,68,1462.00,Packed,
DSP-02949,2026-09-06,Bordeaux,Packing paper,69,1552.50,On hold,
DSP-02950,2026-09-07,Strasbourg,Packing paper,70,1645.00,Dispatched,
DSP-02951,2026-09-08,Lyon,Desk lamp,71,1739.50,Packed,
DSP-02952,2026-09-09,Lille,Desk lamp,72,900.00,On hold,
DSP-02953,2026-09-10,Nantes,Desk lamp,73,985.50,Dispatched,
DSP-02954,2026-09-11,Bordeaux,Desk lamp,74,1073.00,Packed,
DSP-02955,2026-09-12,Strasbourg,Desk lamp,75,1162.50,On hold,
DSP-02956,2026-09-13,Lyon,Storage box,76,1254.00,Dispatched,
DSP-02957,2026-09-14,Lille,Storage box,77,1347.50,Packed,
DSP-02958,2026-09-15,Nantes,Storage box,78,1443.00,On hold,
DSP-02959,2026-09-16,Bordeaux,Storage box,79,1540.50,Dispatched,"Fragile, handle with care"
DSP-02960,2026-09-17,Strasbourg,Storage box,80,1640.00,Packed,
DSP-02961,2026-09-18,Lyon,Cable kit,81,1741.50,On hold,
DSP-02962,2026-09-19,Lille,Cable kit,82,1845.00,Dispatched,
DSP-02963,2026-09-20,Nantes,Cable kit,83,1950.50,Packed,
DSP-02964,2026-09-21,Bordeaux,Cable kit,84,2058.00,On hold,
DSP-02965,2026-09-22,Strasbourg,Cable kit,85,1062.50,Dispatched,
DSP-02966,2026-09-23,Lyon,Monitor arm,86,1161.00,Packed,
DSP-02967,2026-09-24,Lille,Monitor arm,87,1261.50,On hold,
DSP-02968,2026-09-25,Nantes,Monitor arm,88,1364.00,Dispatched,
DSP-02969,2026-09-26,Bordeaux,Monitor arm,89,1468.50,Packed,
DSP-02970,2026-09-27,Strasbourg,Monitor arm,90,1575.00,On hold,
DSP-02971,2026-01-01,Lyon,Packing paper,1,18.50,Dispatched,
DSP-02972,2026-01-02,Lille,Packing paper,2,39.00,Packed,
DSP-02973,2026-01-03,Nantes,Packing paper,3,61.50,On hold,
DSP-02974,2026-01-04,Bordeaux,Packing paper,4,86.00,Dispatched,
DSP-02975,2026-01-05,Strasbourg,Packing paper,5,112.50,Packed,
DSP-02976,2026-01-06,Lyon,Desk lamp,6,141.00,On hold,"Fragile, handle with care"
DSP-02977,2026-01-07,Lille,Desk lamp,7,171.50,Dispatched,"Dock 2
Morning delivery"
DSP-02978,2026-01-08,Nantes,Desk lamp,8,100.00,Packed,
DSP-02979,2026-01-09,Bordeaux,Desk lamp,9,121.50,On hold,
DSP-02980,2026-01-10,Strasbourg,Desk lamp,10,145.00,Dispatched,
DSP-02981,2026-01-11,Lyon,Storage box,11,170.50,Packed,
DSP-02982,2026-01-12,Lille,Storage box,12,198.00,On hold,
DSP-02983,2026-01-13,Nantes,Storage box,13,227.50,Dispatched,
DSP-02984,2026-01-14,Bordeaux,Storage box,14,259.00,Packed,
DSP-02985,2026-01-15,Strasbourg,Storage box,15,292.50,On hold,
DSP-02986,2026-01-16,Lyon,Cable kit,16,328.00,Dispatched,
DSP-02987,2026-01-17,Lille,Cable kit,17,365.50,Packed,
DSP-02988,2026-01-18,Nantes,Cable kit,18,405.00,On hold,
DSP-02989,2026-01-19,Bordeaux,Cable kit,19,446.50,Dispatched,
DSP-02990,2026-01-20,Strasbourg,Cable kit,20,490.00,Packed,
DSP-02991,2026-01-21,Lyon,Monitor arm,21,262.50,On hold,
DSP-02992,2026-01-22,Lille,Monitor arm,22,297.00,Dispatched,
DSP-02993,2026-01-23,Nantes,Monitor arm,23,333.50,Packed,"Fragile, handle with care"
DSP-02994,2026-01-24,Bordeaux,Monitor arm,24,372.00,On hold,
DSP-02995,2026-01-25,Strasbourg,Monitor arm,25,412.50,Dispatched,
DSP-02996,2026-01-26,Lyon,Packing paper,26,455.00,Packed,
DSP-02997,2026-01-27,Lille,Packing paper,27,499.50,On hold,
DSP-02998,2026-01-28,Nantes,Packing paper,28,546.00,Dispatched,
DSP-02999,2026-01-29,Bordeaux,Packing paper,29,594.50,Packed,
DSP-03000,2026-01-30,Strasbourg,Packing paper,30,645.00,On hold,
